Sample ID,Donor ID,Species,Species NCBI Taxonomy ID,Genotype,Modality,Technique,Anatomical Structure,Subspecimen Type,Total Processed Subspecimens,Organization,Investigator,Grant Number,Project,Imaging database,Imaging data link,Comments,Metadata Submission,Age,Sex,QC,Download Link,Visualization Link,Soma_X(CCFv3_1𝜇𝑚),Soma_Y(CCFv3_1𝜇𝑚),Soma_Z(CCFv3_1𝜇𝑚)
17109_6201_x4328_y6753,17109,mouse,NCBI:txid10090,Gnb4-IRES2-CreERT2/wt;Ai140(TIT2L-GFP-ICL-tTA2)/wt,cell morphology,fMOST,VISl6a,cells,1,Allen Institute for Brain Science ,Sorensen ,1-U19-MH114830-01,zeng_fmost,BIL,,,,62 Days,Male,,,,8982.283,1925.564,2466.995
17109_6301_x4756_y24516,17109,mouse,NCBI:txid10090,Gnb4-IRES2-CreERT2/wt;Ai140(TIT2L-GFP-ICL-tTA2)/wt,cell morphology,fMOST,VISp6a,cells,1,Allen Institute for Brain Science ,Sorensen ,1-U19-MH114830-01,zeng_fmost,BIL,,,,62 Days,Male,,,,8257.593,1523.956,8558.055
17109_6601_x4384_y7436,17109,mouse,NCBI:txid10090,Gnb4-IRES2-CreERT2/wt;Ai140(TIT2L-GFP-ICL-tTA2)/wt,cell morphology,fMOST,VISl6a,cells,1,Allen Institute for Brain Science ,Sorensen ,1-U19-MH114830-01,zeng_fmost,BIL,,,,62 Days,Male,,,,8542.734,1975.742,2160.052
17109_6601_x5417_y25287,17109,mouse,NCBI:txid10090,Gnb4-IRES2-CreERT2/wt;Ai140(TIT2L-GFP-ICL-tTA2)/wt,cell morphology,fMOST,VISp6a,cells,1,Allen Institute for Brain Science ,Sorensen ,1-U19-MH114830-01,zeng_fmost,BIL,,,,62 Days,Male,,,,8663.07,1748.836,8848.343
17109_6901_x7203_y26714,17109,mouse,NCBI:txid10090,Gnb4-IRES2-CreERT2/wt;Ai140(TIT2L-GFP-ICL-tTA2)/wt,cell morphology,fMOST,VISli6a,cells,1,Allen Institute for Brain Science ,Sorensen ,1-U19-MH114830-01,zeng_fmost,BIL,,,,62 Days,Male,,,,8978.894,2311.113,9404.15
17109_7001_x5738_y6470,17109,mouse,NCBI:txid10090,Gnb4-IRES2-CreERT2/wt;Ai140(TIT2L-GFP-ICL-tTA2)/wt,cell morphology,fMOST,VISli6a,cells,1,Allen Institute for Brain Science ,Sorensen ,1-U19-MH114830-01,zeng_fmost,BIL,,,,62 Days,Male,,,,9349.028,2449.725,2146.835
17109_7001_x6205_y5194,17109,mouse,NCBI:txid10090,Gnb4-IRES2-CreERT2/wt;Ai140(TIT2L-GFP-ICL-tTA2)/wt,cell morphology,fMOST,VISpor5,cells,1,Allen Institute for Brain Science ,Sorensen ,1-U19-MH114830-01,zeng_fmost,BIL,,,,62 Days,Male,,,,9434.556,2658.593,1615.215
17300_5969_x27278_y20820,17300,mouse,NCBI:txid10090,Plxnd1-CreER/wt;Ai82(TITL-GFP)/Ai140(TIT2L-GFP-ICL-tTA2),cell morphology,fMOST,VISam5,cells,1,Allen Institute for Brain Science ,Sorensen ,1-U19-MH114830-01,zeng_fmost,BIL,,,,88 Days,Female,,,,7791.136,864.143,7725.083
17781_6262_x6896_y13574,17781,mouse,NCBI:txid10090,Gnb4-IRES2-CreERT2/wt;Ai82(TITL-GFP)/Ai140(TIT2L-GFP-ICL-tTA2),cell morphology,fMOST,VISrl5,cells,1,Allen Institute for Brain Science ,Sorensen ,1-U19-MH114830-01,zeng_fmost,BIL,,,,97 Days,Female,,,,7919.665,1770.004,2296.596
17781_6866_x8954_y41812,17781,mouse,NCBI:txid10090,Gnb4-IRES2-CreERT2/wt;Ai82(TITL-GFP)/Ai140(TIT2L-GFP-ICL-tTA2),cell morphology,fMOST,VISli6a,cells,1,Allen Institute for Brain Science ,Sorensen ,1-U19-MH114830-01,zeng_fmost,BIL,,,,97 Days,Female,,,,8563.111,2215.006,9320.148
17787_7070_x12739_y1410,17787,mouse,NCBI:txid10090,Plxnd1-CreER/wt;Ai166(TIT2L-MORF-ICL-tTA2)/wt,cell morphology,fMOST,VISpm1,cells,1,Allen Institute for Brain Science ,Sorensen ,1-U19-MH114830-01,zeng_fmost,BIL,,,,69 Days,Male,,,,8549.012,447.551,7505.11
182724_5937_x3804_y11955,182724,mouse,NCBI:txid10090,Fezf2-CreER/wt;Ai166(TIT2L-MORF-ICL-tTA2)/wt,cell morphology,fMOST,VISa5,cells,1,Allen Institute for Brain Science ,Sorensen ,1-U19-MH114830-01,zeng_fmost,BIL,,,,88 Days,Male,,,,7168.289,953.689,3959.651
182725_6819_x6109_y7853,182725,mouse,NCBI:txid10090,Fezf2-CreER/wt;Ai166(TIT2L-MORF-ICL-tTA2)/wt,cell morphology,fMOST,VISp5,cells,1,Allen Institute for Brain Science ,Sorensen ,1-U19-MH114830-01,zeng_fmost,BIL,,,,88 Days,Female,,,,8770.038,1184.726,3112.734
182725_7341_x4593_y22594,182725,mouse,NCBI:txid10090,Fezf2-CreER/wt;Ai166(TIT2L-MORF-ICL-tTA2)/wt,cell morphology,fMOST,VISl5,cells,1,Allen Institute for Brain Science ,Sorensen ,1-U19-MH114830-01,zeng_fmost,BIL,,,,88 Days,Female,,,,8675.77,1906.322,9403.998
18452_7249_x11408_y2071,18452,mouse,NCBI:txid10090,Cux2-CreERT2/wt;Ai166(TIT2L-MORF-ICL-tTA2)/wt,cell morphology,fMOST,VISp2/3,cells,1,Allen Institute for Brain Science ,Sorensen ,1-U19-MH114830-01,zeng_fmost,BIL,,,,103 Days,Male,,,,9469.189,772.507,8022.991
18453_5667_x25695_y3103,18453,mouse,NCBI:txid10090,Cux2-CreERT2/wt;Ai166(TIT2L-MORF-ICL-tTA2)/wt,cell morphology,fMOST,VISam1,cells,1,Allen Institute for Brain Science ,Sorensen ,1-U19-MH114830-01,zeng_fmost,BIL,,,,103 Days,Female,,,,7547.557,460.918,3816.856
18453_5766_x31719_y6139,18453,mouse,NCBI:txid10090,Cux2-CreERT2/wt;Ai166(TIT2L-MORF-ICL-tTA2)/wt,cell morphology,fMOST,VISal2/3,cells,1,Allen Institute for Brain Science ,Sorensen ,1-U19-MH114830-01,zeng_fmost,BIL,,,,103 Days,Female,,,,7863.199,1583.062,1722.531
18453_5941_x24629_y3152,18453,mouse,NCBI:txid10090,Cux2-CreERT2/wt;Ai166(TIT2L-MORF-ICL-tTA2)/wt,cell morphology,fMOST,VISam2/3,cells,1,Allen Institute for Brain Science ,Sorensen ,1-U19-MH114830-01,zeng_fmost,BIL,,,,103 Days,Female,,,,7897.536,537.666,4200.953
18453_5995_x24812_y3143,18453,mouse,NCBI:txid10090,Cux2-CreERT2/wt;Ai166(TIT2L-MORF-ICL-tTA2)/wt,cell morphology,fMOST,VISam2/3,cells,1,Allen Institute for Brain Science ,Sorensen ,1-U19-MH114830-01,zeng_fmost,BIL,,,,103 Days,Female,,,,7982.996,550.262,4146.005
18453_6181_x10238_y3690,18453,mouse,NCBI:txid10090,Cux2-CreERT2/wt;Ai166(TIT2L-MORF-ICL-tTA2)/wt,cell morphology,fMOST,VISrl2/3,cells,1,Allen Institute for Brain Science ,Sorensen ,1-U19-MH114830-01,zeng_fmost,BIL,,,,103 Days,Female,,,,7688.189,1072.265,8977.86
18453_6316_x30559_y4743,18453,mouse,NCBI:txid10090,Cux2-CreERT2/wt;Ai166(TIT2L-MORF-ICL-tTA2)/wt,cell morphology,fMOST,VISp1,cells,1,Allen Institute for Brain Science ,Sorensen ,1-U19-MH114830-01,zeng_fmost,BIL,,,,103 Days,Female,,,,8571.181,1146.728,2214.091
18453_6477_x30376_y5078,18453,mouse,NCBI:txid10090,Cux2-CreERT2/wt;Ai166(TIT2L-MORF-ICL-tTA2)/wt,cell morphology,fMOST,VISp2/3,cells,1,Allen Institute for Brain Science ,Sorensen ,1-U19-MH114830-01,zeng_fmost,BIL,,,,103 Days,Female,,,,8764.62,1334.686,2307.588
18453_6479_x9010_y4330,18453,mouse,NCBI:txid10090,Cux2-CreERT2/wt;Ai166(TIT2L-MORF-ICL-tTA2)/wt,cell morphology,fMOST,VISal2/3,cells,1,Allen Institute for Brain Science ,Sorensen ,1-U19-MH114830-01,zeng_fmost,BIL,,,,103 Days,Female,,,,8018.44,1379.95,9377.852
18453_6537_x8725_y4484,18453,mouse,NCBI:txid10090,Cux2-CreERT2/wt;Ai166(TIT2L-MORF-ICL-tTA2)/wt,cell morphology,fMOST,VISal2/3,cells,1,Allen Institute for Brain Science ,Sorensen ,1-U19-MH114830-01,zeng_fmost,BIL,,,,103 Days,Female,,,,8083.743,1451.152,9475.468
18453_6561_x9442_y3817,18453,mouse,NCBI:txid10090,Cux2-CreERT2/wt;Ai166(TIT2L-MORF-ICL-tTA2)/wt,cell morphology,fMOST,VISrl2/3,cells,1,Allen Institute for Brain Science ,Sorensen ,1-U19-MH114830-01,zeng_fmost,BIL,,,,103 Days,Female,,,,8185.167,1202.523,9249.572
18453_6604_x9161_y4006,18453,mouse,NCBI:txid10090,Cux2-CreERT2/wt;Ai166(TIT2L-MORF-ICL-tTA2)/wt,cell morphology,fMOST,VISal2/3,cells,1,Allen Institute for Brain Science ,Sorensen ,1-U19-MH114830-01,zeng_fmost,BIL,,,,103 Days,Female,,,,8224.259,1282.152,9340.765
18453_6675_x10576_y3102,18453,mouse,NCBI:txid10090,Cux2-CreERT2/wt;Ai166(TIT2L-MORF-ICL-tTA2)/wt,cell morphology,fMOST,VISp1,cells,1,Allen Institute for Brain Science ,Sorensen ,1-U19-MH114830-01,zeng_fmost,BIL,,,,103 Days,Female,,,,8408.9,939.691,8883.823
18453_6675_x8876_y4461,18453,mouse,NCBI:txid10090,Cux2-CreERT2/wt;Ai166(TIT2L-MORF-ICL-tTA2)/wt,cell morphology,fMOST,VISal2/3,cells,1,Allen Institute for Brain Science ,Sorensen ,1-U19-MH114830-01,zeng_fmost,BIL,,,,103 Days,Female,,,,8270.603,1471.243,9416.597
18453_6748_x28152_y3578,18453,mouse,NCBI:txid10090,Cux2-CreERT2/wt;Ai166(TIT2L-MORF-ICL-tTA2)/wt,cell morphology,fMOST,VISp2/3,cells,1,Allen Institute for Brain Science ,Sorensen ,1-U19-MH114830-01,zeng_fmost,BIL,,,,103 Days,Female,,,,9089.005,838.778,3126.196
18453_6846_x11548_y2831,18453,mouse,NCBI:txid10090,Cux2-CreERT2/wt;Ai166(TIT2L-MORF-ICL-tTA2)/wt,cell morphology,fMOST,VISp2/3,cells,1,Allen Institute for Brain Science ,Sorensen ,1-U19-MH114830-01,zeng_fmost,BIL,,,,103 Days,Female,,,,8699.46,876.892,8546.673
18453_7007_x11486_y3611,18453,mouse,NCBI:txid10090,Cux2-CreERT2/wt;Ai166(TIT2L-MORF-ICL-tTA2)/wt,cell morphology,fMOST,VISp4,cells,1,Allen Institute for Brain Science ,Sorensen ,1-U19-MH114830-01,zeng_fmost,BIL,,,,103 Days,Female,,,,8894.575,1224.064,8525.633
18453_7010_x8769_y4509,18453,mouse,NCBI:txid10090,Cux2-CreERT2/wt;Ai166(TIT2L-MORF-ICL-tTA2)/wt,cell morphology,fMOST,VISl2/3,cells,1,Allen Institute for Brain Science ,Sorensen ,1-U19-MH114830-01,zeng_fmost,BIL,,,,103 Days,Female,,,,8735.288,1542.026,9455.118
18453_7024_x9012_y4138,18453,mouse,NCBI:txid10090,Cux2-CreERT2/wt;Ai166(TIT2L-MORF-ICL-tTA2)/wt,cell morphology,fMOST,VISl2/3,cells,1,Allen Institute for Brain Science ,Sorensen ,1-U19-MH114830-01,zeng_fmost,BIL,,,,103 Days,Female,,,,8791.845,1399.604,9387.249
18453_7112_x9089_y4667,18453,mouse,NCBI:txid10090,Cux2-CreERT2/wt;Ai166(TIT2L-MORF-ICL-tTA2)/wt,cell morphology,fMOST,VISl4,cells,1,Allen Institute for Brain Science ,Sorensen ,1-U19-MH114830-01,zeng_fmost,BIL,,,,103 Days,Female,,,,8883.606,1639.766,9315.589
18453_7132_x11495_y3152,18453,mouse,NCBI:txid10090,Cux2-CreERT2/wt;Ai166(TIT2L-MORF-ICL-tTA2)/wt,cell morphology,fMOST,VISp2/3,cells,1,Allen Institute for Brain Science ,Sorensen ,1-U19-MH114830-01,zeng_fmost,BIL,,,,103 Days,Female,,,,9082.389,1044.405,8558.884
18453_7132_x31679_y7308,18453,mouse,NCBI:txid10090,Cux2-CreERT2/wt;Ai166(TIT2L-MORF-ICL-tTA2)/wt,cell morphology,fMOST,VISl4,cells,1,Allen Institute for Brain Science ,Sorensen ,1-U19-MH114830-01,zeng_fmost,BIL,,,,103 Days,Female,,,,9572.096,2218.152,1903.989
18453_7146_x8788_y4552,18453,mouse,NCBI:txid10090,Cux2-CreERT2/wt;Ai166(TIT2L-MORF-ICL-tTA2)/wt,cell morphology,fMOST,VISl2/3,cells,1,Allen Institute for Brain Science ,Sorensen ,1-U19-MH114830-01,zeng_fmost,BIL,,,,103 Days,Female,,,,8937.958,1586.259,9443.614
18453_7188_x11060_y3637,18453,mouse,NCBI:txid10090,Cux2-CreERT2/wt;Ai166(TIT2L-MORF-ICL-tTA2)/wt,cell morphology,fMOST,VISp2/3,cells,1,Allen Institute for Brain Science ,Sorensen ,1-U19-MH114830-01,zeng_fmost,BIL,,,,103 Days,Female,,,,9124.738,1248.959,8682.885
18453_7223_x30215_y5120,18453,mouse,NCBI:txid10090,Cux2-CreERT2/wt;Ai166(TIT2L-MORF-ICL-tTA2)/wt,cell morphology,fMOST,VISp1,cells,1,Allen Institute for Brain Science ,Sorensen ,1-U19-MH114830-01,zeng_fmost,BIL,,,,103 Days,Female,,,,9728.618,1424.489,2433.296
18453_7245_x12979_y2864,18453,mouse,NCBI:txid10090,Cux2-CreERT2/wt;Ai166(TIT2L-MORF-ICL-tTA2)/wt,cell morphology,fMOST,VISp2/3,cells,1,Allen Institute for Brain Science ,Sorensen ,1-U19-MH114830-01,zeng_fmost,BIL,,,,103 Days,Female,,,,9333.133,898.681,8086.296
18453_7304_x11719_y3749,18453,mouse,NCBI:txid10090,Cux2-CreERT2/wt;Ai166(TIT2L-MORF-ICL-tTA2)/wt,cell morphology,fMOST,VISp4,cells,1,Allen Institute for Brain Science ,Sorensen ,1-U19-MH114830-01,zeng_fmost,BIL,,,,103 Days,Female,,,,9311.384,1307.151,8448.454
18461_6043_x11080_y1667,18461,mouse,NCBI:txid10090,Cux2-CreERT2/wt;Ai166(TIT2L-MORF-ICL-tTA2)/wt,cell morphology,fMOST,VISa2/3,cells,1,Allen Institute for Brain Science ,Sorensen ,1-U19-MH114830-01,zeng_fmost,BIL,,,,103 Days,Male,,,,6880.548,491.592,7150.17
18461_7132_x6338_y3287,18461,mouse,NCBI:txid10090,Cux2-CreERT2/wt;Ai166(TIT2L-MORF-ICL-tTA2)/wt,cell morphology,fMOST,VISal4,cells,1,Allen Institute for Brain Science ,Sorensen ,1-U19-MH114830-01,zeng_fmost,BIL,,,,103 Days,Male,,,,8224.078,1456.288,9247.484
18864_5637_x5637_y31619,18864,mouse,NCBI:txid10090,Cux2-CreERT2/wt;Ai166(TIT2L-MORF-ICL-tTA2)/wt,cell morphology,fMOST,VISp2/3,cells,1,Allen Institute for Brain Science ,Sorensen ,1-U19-MH114830-01,zeng_fmost,BIL,,,,75 Days,Female,,,,8454.132,977.217,2532.894
18864_6139_x4843_y27122,18864,mouse,NCBI:txid10090,Cux2-CreERT2/wt;Ai166(TIT2L-MORF-ICL-tTA2)/wt,cell morphology,fMOST,VISrl4,cells,1,Allen Institute for Brain Science ,Sorensen ,1-U19-MH114830-01,zeng_fmost,BIL,,,,75 Days,Female,,,,7510.632,1159.224,8670.697
18864_6321_x4387_y7047,18864,mouse,NCBI:txid10090,Cux2-CreERT2/wt;Ai166(TIT2L-MORF-ICL-tTA2)/wt,cell morphology,fMOST,VISrl2/3,cells,1,Allen Institute for Brain Science ,Sorensen ,1-U19-MH114830-01,zeng_fmost,BIL,,,,75 Days,Female,,,,7588.432,1063.889,2381.216
18864_6384_x3409_y13059,18864,mouse,NCBI:txid10090,Cux2-CreERT2/wt;Ai166(TIT2L-MORF-ICL-tTA2)/wt,cell morphology,fMOST,VISam2/3,cells,1,Allen Institute for Brain Science ,Sorensen ,1-U19-MH114830-01,zeng_fmost,BIL,,,,75 Days,Female,,,,7650.093,474.372,4298.14
18864_6734_x4899_y27447,18864,mouse,NCBI:txid10090,Cux2-CreERT2/wt;Ai166(TIT2L-MORF-ICL-tTA2)/wt,cell morphology,fMOST,VISp2/3,cells,1,Allen Institute for Brain Science ,Sorensen ,1-U19-MH114830-01,zeng_fmost,BIL,,,,75 Days,Female,,,,8323.159,1036.918,8774.887
18864_6805_x6340_y4681,18864,mouse,NCBI:txid10090,Cux2-CreERT2/wt;Ai166(TIT2L-MORF-ICL-tTA2)/wt,cell morphology,fMOST,VISal2/3,cells,1,Allen Institute for Brain Science ,Sorensen ,1-U19-MH114830-01,zeng_fmost,BIL,,,,75 Days,Female,,,,8403.945,1708.1,1667.158
18864_6821_x5144_y6844,18864,mouse,NCBI:txid10090,Cux2-CreERT2/wt;Ai166(TIT2L-MORF-ICL-tTA2)/wt,cell morphology,fMOST,VISrl2/3,cells,1,Allen Institute for Brain Science ,Sorensen ,1-U19-MH114830-01,zeng_fmost,BIL,,,,75 Days,Female,,,,8336.996,1251.637,2339.374
18868_6019_x9541_y5296,18868,mouse,NCBI:txid10090,Pvalb-T2A-CreERT2/wt;Ai166(TIT2L-MORF-ICL-tTA2)/wt,cell morphology,fMOST,VISrl5,cells,1,Allen Institute for Brain Science ,Sorensen ,1-U19-MH114830-01,zeng_fmost,BIL,,,,82 Days,Female,,,,7534.859,1416.573,8545.344
18868_6405_x11428_y4397,18868,mouse,NCBI:txid10090,Pvalb-T2A-CreERT2/wt;Ai166(TIT2L-MORF-ICL-tTA2)/wt,cell morphology,fMOST,VISp5,cells,1,Allen Institute for Brain Science ,Sorensen ,1-U19-MH114830-01,zeng_fmost,BIL,,,,82 Days,Female,,,,8050.622,1086.387,7951.011