Case ID,Species,NCBI Taxonomy,GenoType,Modality,Technique,Anatomical Region,Organization,Investigator,Grant Number,Project,Imaging Database,Imaging Datalink,Age,Sex,Viewer Link,AP,ML,DV,Injection Type
170505_KM_FezfLSLflpS1ABC1female,mouse,NCBI:txid10090,Fezf2CreER;lslFlp,Projection,STPT,SSp-bfd,CSHL,"Z. Josh Huang, Partha P. Mitra",1-U19-MH114821-01,U19 Huang,BIL,https://download.brainimagelibrary.org/84/aa/84aa97d12a6c17ba/170505_KM_FezfLSLflpS1ABC1female_processed/,,F,https://brainviewer.org:3010/HUA_U19_170505,-1.7,3.75,0.7, AAV2/8-Cag-fDIO TVAeGFP
170506_KM_PlexLSLflpS1ABC1female,mouse,NCBI:txid10090,PlexinD1CreER;lslFlp,Projection,STPT,SSp-bfd,CSHL,"Z. Josh Huang, Partha P. Mitra",1-U19-MH114821-01,U19 Huang,BIL,https://download.brainimagelibrary.org/84/aa/84aa97d12a6c17ba/170506_KM_PlexLSLflpS1ABC1female_processed/,,F,https://brainviewer.org:3010/HUA_U19_170506,-1.7,3.75,0.6, AAV2/8-Cag-fDIO TVAeGFP
170519_KM_PlexLSLflpS1ABC2male,mouse,NCBI:txid10090,PlexinD1CreER;lslFlp,Projection,STPT,SSp-bfd,CSHL,"Z. Josh Huang, Partha P. Mitra",1-U19-MH114821-01,U19 Huang,BIL,https://download.brainimagelibrary.org/84/aa/84aa97d12a6c17ba/170519_KM_PlexLSLflpS1ABC2male_processed/,,M,https://brainviewer.org:3010/HUA_U19_170519,-1.7,3.75,0.6, AAV2/8-Cag-fDIO TVAeGFP
170609_WG_KM_Tle4LSLflp_ABCfemale,mouse,NCBI:txid10090,Tle4CreER;lslFlp,Projection,STPT,SSp-bfd,CSHL,"Z. Josh Huang, Partha P. Mitra",1-U19-MH114821-01,U19 Huang,BIL,https://download.brainimagelibrary.org/84/aa/84aa97d12a6c17ba/170609_WG_KM_Tle4LSLflp_ABCfemale_processed/,7,F,https://brainviewer.org:3010/HUA_U19_170609,-1.8,3.75,1.1, AAV2/8-CAG-fd-ChR2-EYFP
170702_KM_fezfABC_female,mouse,NCBI:txid10090,Fezf2CreER;lslFlp,Projection,STPT,SSp-bfd,CSHL,"Z. Josh Huang, Partha P. Mitra",1-U19-MH114821-01,U19 Huang,BIL,https://download.brainimagelibrary.org/84/aa/84aa97d12a6c17ba/170702_KM_fezfABC_female_processed/,,F,https://brainviewer.org:3010/HUA_U19_170702,-1.7,3.75,0.7, AAV2/8-Cag-fDIO TVAeGFP
170928_KM_Foxp2-cres1inj,mouse,NCBI:txid10090,Foxp2Cre,Projection,STPT,SSp-bfd,CSHL,"Z. Josh Huang, Partha P. Mitra",1-U19-MH114821-01,U19 Huang,BIL,https://download.brainimagelibrary.org/84/aa/84aa97d12a6c17ba/170928_KM_Foxp2-cres1inj_processed/,,M,https://brainviewer.org:3010/HUA_U19_170928,-1.8,3.75,0.9, AAV2/8-CAG-fd-ChR2-EYFP
171003_KM_Foxp2s1abcmale,mouse,NCBI:txid10090,Foxp2Cre,Projection,STPT,SSp-bfd,CSHL,"Z. Josh Huang, Partha P. Mitra",1-U19-MH114821-01,U19 Huang,BIL,https://download.brainimagelibrary.org/84/aa/84aa97d12a6c17ba/171003_KM_Foxp2s1abcmale_processed/,,M,https://brainviewer.org:3010/HUA_U19_171003,-1.2,3.75,0.8, AAV2/8-CAG-fd-ChR2-EYFP
171005_KM_Foxp2Cres1abcmale,mouse,NCBI:txid10090,Foxp2Cre,Projection,STPT,SSp-bfd,CSHL,"Z. Josh Huang, Partha P. Mitra",1-U19-MH114821-01,U19 Huang,BIL,https://download.brainimagelibrary.org/84/aa/84aa97d12a6c17ba/171005_KM_Foxp2Cres1abcmale_processed/,,M,https://brainviewer.org:3010/HUA_U19_171005,-1.4,3.8,0.9, AAV2/8-CAG-fd-ChR2-EYFP
171106_KM_Tle4_LSLflp_ABCfemale,mouse,NCBI:txid10090,Tle4CreER;lslFlp,Projection,STPT,SSp-bfd,CSHL,"Z. Josh Huang, Partha P. Mitra",1-U19-MH114821-01,U19 Huang,BIL,https://download.brainimagelibrary.org/84/aa/84aa97d12a6c17ba/171106_KM_Tle4_LSLflp_ABCfemale_processed/,7,F,https://brainviewer.org:3010/HUA_U19_171106,-1.6,4,0.8, AAV2/8-CAG-fd-ChR2-EYFP
171107_KM_Tle4_LSLflp_ABCmale,mouse,NCBI:txid10090,Tle4CreER;lslFlp,Projection,STPT,SSp-bfd,CSHL,"Z. Josh Huang, Partha P. Mitra",1-U19-MH114821-01,U19 Huang,BIL,https://download.brainimagelibrary.org/84/aa/84aa97d12a6c17ba/171107_KM_Tle4_LSLflp_ABCmale_processed/,7,M,https://brainviewer.org:3010/HUA_U19_171107,-1,3.8,0.7, AAV2/8-CAG-fd-ChR2-EYFP
171108_KM_Tle4_LSLflp_ABCmale,mouse,NCBI:txid10090,Tle4CreER;lslFlp,Projection,STPT,SSp-bfd,CSHL,"Z. Josh Huang, Partha P. Mitra",1-U19-MH114821-01,U19 Huang,BIL,https://download.brainimagelibrary.org/84/aa/84aa97d12a6c17ba/171108_KM_Tle4_LSLflp_ABCmale_processed/,7,M,https://brainviewer.org:3010/HUA_U19_171108,-1.1,3.8,0.7, AAV2/8-CAG-fd-ChR2-EYFP
180313_KM_WG_PlexlslFlpFdTVABfdfemale_,mouse,NCBI:txid10090,PlexinD1CreER;lslFlp,Projection,STPT,SSp-bfd,CSHL,"Z. Josh Huang, Partha P. Mitra",1-U19-MH114821-01,U19 Huang,BIL,,8,F,https://brainviewer.org:3010/HUA_U19_180313,-1.5,3.7,0.7, AAV2/8-Cag-fDIO TVAeGFP
180402_HK_KM_PlexinLSLflp_ALM_femaleA1,mouse,NCBI:txid10090,PlexinD1CreER;lslFlp,Projection,STPT,MOs,CSHL,"Z. Josh Huang, Partha P. Mitra",1-U19-MH114821-01,U19 Huang,BIL,https://download.brainimagelibrary.org/84/aa/84aa97d12a6c17ba/180402_HK_KM_PlexinLSLflp_ALM_femaleA1_processed/,19,F,https://brainviewer.org:3010/HUA_U19_180402,1.5,2.2,0.5, AAV2/8-Cag-fDIO TVAeGFP
180403_HK_KM_Tle4LSLflp_S1_maleA3,mouse,NCBI:txid10090,Tle4CreER;lslFlp,Projection,STPT,SSp,CSHL,"Z. Josh Huang, Partha P. Mitra",1-U19-MH114821-01,U19 Huang,BIL,https://download.brainimagelibrary.org/84/aa/84aa97d12a6c17ba/180403_HK_KM_Tle4LSLflp_S1_maleA3_processed/,12,M,https://brainviewer.org:3010/HUA_U19_180403,-0.76,3.5,0.8, AAV2/8-Cag-fDIO TVAeGFP
180406_WG_KM_PlxnD1_S1_female,mouse,NCBI:txid10090,PlexinD1CreER;lslFlp,Projection,STPT,SSp,CSHL,"Z. Josh Huang, Partha P. Mitra",1-U19-MH114821-01,U19 Huang,BIL,https://download.brainimagelibrary.org/84/aa/84aa97d12a6c17ba/180406_WG_KM_PlxnD1_S1_female_processed/,12,F,https://brainviewer.org:3010/HUA_U19_180406,-1.8,3.8,0.7, AAV2/8-Cag-fDIO TVAeGFP
180410_HK_KM_PlexinD1_ALM_female,mouse,NCBI:txid10090,PlexinD1CreER;lslFlp,Projection,STPT,MOs,CSHL,"Z. Josh Huang, Partha P. Mitra",1-U19-MH114821-01,U19 Huang,BIL,https://download.brainimagelibrary.org/84/aa/84aa97d12a6c17ba/180410_HK_KM_PlexinD1_ALM_female_processed/,12,F,https://brainviewer.org:3010/HUA_U19_180410,2,1.5,0.7, AAV2/8-Cag-fDIO TVAeGFP
180514_HK_Tle4_V2M_male_A13,mouse,NCBI:txid10090,Tle4CreER;lslFlp,Projection,STPT,VISam,CSHL,"Z. Josh Huang, Partha P. Mitra",1-U19-MH114821-01,U19 Huang,BIL,,15,M,https://brainviewer.org:3010/HUA_U19_180514,-2.8,1.8,0.9, AAV2/8-Cag-fDIO TVAeGFP
180515_HK_Tle4_Parietal_male_A14,mouse,NCBI:txid10090,Tle4CreER;lslFlp,Projection,STPT,PTLp,CSHL,"Z. Josh Huang, Partha P. Mitra",1-U19-MH114821-01,U19 Huang,BIL,,15,M,https://brainviewer.org:3010/HUA_U19_180515,-2.2,2,0.9, AAV2/8-Cag-fDIO TVAeGFP
180517_HK_Tle4_Cing_female_A16,mouse,NCBI:txid10090,Tle4CreER;lslFlp,Projection,STPT,ACAv,CSHL,"Z. Josh Huang, Partha P. Mitra",1-U19-MH114821-01,U19 Huang,BIL,https://download.brainimagelibrary.org/84/aa/84aa97d12a6c17ba/180517_HK_Tle4CingfemaleA16_processed/,12,F,https://brainviewer.org:3010/HUA_U19_180517,0,0.5,1.6, AAV2/8-Cag-fDIO TVAeGFP
180522_KM_FezfLSLflpABCS1female_processed,mouse,NCBI:txid10090,Fezf2CreER;lslFlp,Projection,STPT,SSp,CSHL,"Z. Josh Huang, Partha P. Mitra",1-U19-MH114821-01,U19 Huang,BIL,,,F,https://brainviewer.org:3010/HUA_U19_180522,,,,
180525_WG_Fezf2lslFlpAnteriorMoPOrofacial_female,mouse,NCBI:txid10090,Fezf2CreER;lslFlp,Projection,STPT,MOp,CSHL,"Z. Josh Huang, Partha P. Mitra",1-U19-MH114821-01,U19 Huang,BIL,https://download.brainimagelibrary.org/84/aa/84aa97d12a6c17ba/180525_WG_Fezf2lslFlpAnteriorMoPOrofacial_female_processed/,18,F,https://brainviewer.org:3010/HUA_U19_180525,1.9,2.5,2.5, AAV2/8-Cag-fDIO TVAeGFP
180605_WG_Tle4lslFlpRPCFA_female,mouse,NCBI:txid10090,Tle4CreER;lslFlp,Projection,STPT,MOp,CSHL,"Z. Josh Huang, Partha P. Mitra",1-U19-MH114821-01,U19 Huang,BIL,https://download.brainimagelibrary.org/84/aa/84aa97d12a6c17ba/180605_WG_Tle4lslFlpRPCFA_female_processed/,16,F,https://brainviewer.org:3010/HUA_U19_180605,0.5,1.7,1.5, AAV2/8-Cag-fDIO TVAeGFP
180612_WG_Fezf2lslFlp_CFA_female307_B003,mouse,NCBI:txid10090,Fezf2CreER;lslFlp,Projection,STPT,MOp,CSHL,"Z. Josh Huang, Partha P. Mitra",1-U19-MH114821-01,U19 Huang,BIL,,18,M,https://brainviewer.org:3010/HUA_U19_180612,0.4,1.5,1.5, AAV2/8-Cag-fDIO TVAeGFP
180628_HK_RP_PlexinD1PLA20female_,mouse,NCBI:txid10090,PlexinD1CreER;lslFlp,Projection,STPT,PL,CSHL,"Z. Josh Huang, Partha P. Mitra",1-U19-MH114821-01,U19 Huang,BIL,https://download.brainimagelibrary.org/d3/30/d33094626b33d550/180628_HK_RP_PlexinD1PLA20female_processed,15,F,https://brainviewer.org:3010/HUA_U19_180628,1.4,0.5,1.5, AAV2/8-Cag-fDIO TVAeGFP
180702_A022_WG_PlexinD1V1female,mouse,NCBI:txid10090,PlexinD1CreER;lslFlp,Projection,STPT,VISp,CSHL,"Z. Josh Huang, Partha P. Mitra",1-U19-MH114821-01,U19 Huang,BIL,https://download.brainimagelibrary.org/84/aa/84aa97d12a6c17ba/180702_A022_WG_PlexinD1V1female_processed/,16,F,https://brainviewer.org:3010/HUA_U19_180702,-3,2.7,0.8, AAV2/8-Cag-fDIO TVAeGFP
180706_HK023_WG_PlxnD1lslFlpA1Female,mouse,NCBI:txid10090,PlexinD1CreER;lslFlp,Projection,STPT,AUDp,CSHL,"Z. Josh Huang, Partha P. Mitra",1-U19-MH114821-01,U19 Huang,BIL,https://download.brainimagelibrary.org/84/aa/84aa97d12a6c17ba/180706_HK023_WG_PlxnD1lslFlpA1Female_processed/,17,F,https://brainviewer.org:3010/HUA_U19_180706,-2.8,4.5,2.5, AAV2/8-Cag-fDIO TVAeGFP
180722_WG_PlxnD1lslFlpCFA1female,mouse,NCBI:txid10090,PlexinD1CreER;lslFlp,Projection,STPT,MOp,CSHL,"Z. Josh Huang, Partha P. Mitra",1-U19-MH114821-01,U19 Huang,BIL,https://download.brainimagelibrary.org/84/aa/84aa97d12a6c17ba/180722_WG_PlxnD1lslFlpCFA1female_processed/,,,https://brainviewer.org:3010/HUA_U19_180722,0.5,1.5,1, AAV2/8-Cag-fDIO TVAeGFP
180725_HK_RP_PlexinD1_TEa_A29_female,mouse,NCBI:txid10090,PlexinD1CreER;lslFlp,Projection,STPT,ENTl,CSHL,"Z. Josh Huang, Partha P. Mitra",1-U19-MH114821-01,U19 Huang,BIL,,13,F,https://brainviewer.org:3010/HUA_U19_180725,-3.6,4.1,4.5, AAV2/8-Cag-fDIO TVAeGFP
180730_WG010_PlxnD1_CFA_female,mouse,NCBI:txid10090,PlexinD1CreER;lslFlp,Projection,STPT,MOp,CSHL,"Z. Josh Huang, Partha P. Mitra",1-U19-MH114821-01,U19 Huang,BIL,https://download.brainimagelibrary.org/e9/2a/e92aa2dc0e14ad4d/180730_WG010_PlxnD1_CFA_female_processed/,,,https://brainviewer.org:3010/HUA_U19_180730,0.8,1.5,0.7, AAV2/8-Cag-fDIO TVAeGFP
180802_KM_AdcyapLSLflpABCmale,mouse,NCBI:txid10090,AdycapCreER;lslFlp,Projection,STPT,SSp-bfd,CSHL,"Z. Josh Huang, Partha P. Mitra",1-U19-MH114821-01,U19 Huang,BIL,,,M,https://brainviewer.org:3010/HUA_U19_180802,-2,3.6,1.5, AAV2/8-Cag-fDIO TVAeGFP
180804_KM_AdcyapLSLflpABCmale,mouse,NCBI:txid10090,AdycapCreER;lslFlp,Projection,STPT,SSp-bfd,CSHL,"Z. Josh Huang, Partha P. Mitra",1-U19-MH114821-01,U19 Huang,BIL,https://download.brainimagelibrary.org/56/f7/56f787c659fcbecd/180804_KM_AdcyapLSLflpABCmale_processed/,,M,https://brainviewer.org:3010/HUA_U19_180804,-1.5,4,1.5, AAV2/8-Cag-fDIO TVAeGFP
180806_JH_KM0004_FezfLSLflpABCmale,mouse,NCBI:txid10090,Fezf2CreER;lslFlp,Projection,STPT,SSp-bfd,CSHL,"Z. Josh Huang, Partha P. Mitra",1-U19-MH114821-01,U19 Huang,BIL,https://download.brainimagelibrary.org/b3/26/b3264469a99a0918/level_1/180806_JH_KM0004_FezfLSLflpABCmale,,M,https://brainviewer.org:3010/HUA_U19_180806,-1.7,4,1.5, AAV2/8-Cag-fDIO TVAeGFP
180807_JH_KM0005_PlexinLSLflpABCmale,mouse,NCBI:txid10090,PlexinD1CreER;lslFlp,Projection,STPT,SSp-bfd,CSHL,"Z. Josh Huang, Partha P. Mitra",1-U19-MH114821-01,U19 Huang,BIL,https://download.brainimagelibrary.org/35/49/3549a73d83da3016/level_1/180807_JH_KM0005_PlexinLSLflpABCmale_processed/,,M,https://brainviewer.org:3010/HUA_U19_180807,-1.5,4,1.6, AAV2/8-Cag-fDIO TVAeGFP
180809_JH_KM0006_Fezf2lslflpABC_male,mouse,NCBI:txid10090,Fezf2CreER;lslFlp,Projection,STPT,SSp-bfd,CSHL,"Z. Josh Huang, Partha P. Mitra",1-U19-MH114821-01,U19 Huang,BIL,,,M,https://brainviewer.org:3010/HUA_U19_180809,-1.5,4,1.6, AAV2/8-Cag-fDIO TVAeGFP
180810_JH_WG_KM0007_Plexind1LSLflpABC_male,mouse,NCBI:txid10090,PlexinD1CreER;SnapEGFP,Projection,STPT,,CSHL,"Z. Josh Huang, Partha P. Mitra",1-U19-MH114821-01,U19 Huang,BIL,,,M,https://brainviewer.org:3010/HUA_U19_180810,,,,
180816_JH_WG_Tle4LSLFlpNPCfa_female,mouse,NCBI:txid10090,Tle4CreER;lslFlp,Projection,STPT,MOp,CSHL,"Z. Josh Huang, Partha P. Mitra",1-U19-MH114821-01,U19 Huang,BIL,https://download.brainimagelibrary.org/c8/1f/c81fe306a97b33e8/180816_JH_WG_Tle4LSLFlpNPCfa_female_processed/,16,F,https://brainviewer.org:3010/HUA_U19_180816,0.5,1.5,1.6, AAV2/8-Cag-fDIO TVAeGFP
180820_JH_KM0008_AdcyapLSLflpABCmale,mouse,NCBI:txid10090,AdycapCreER;lslFlp,Projection,STPT,SSp-bfd,CSHL,"Z. Josh Huang, Partha P. Mitra",1-U19-MH114821-01,U19 Huang,BIL,https://download.brainimagelibrary.org/76/c1/76c16bf3cbcaed19/180820_JH_KM0008_AdcyapLSLflpABCmale_processed/,,M,https://brainviewer.org:3010/HUA_U19_180820,-1.9,4,1.6, AAV2/8-Cag-fDIO TVAeGFP
180822_JH_HK33_Tle4LSLflp_female,mouse,NCBI:txid10090,Tle4CreER;lslFlp,Projection,STPT,,CSHL,"Z. Josh Huang, Partha P. Mitra",1-U19-MH114821-01,U19 Huang,BIL,,10,F,https://brainviewer.org:3010/HUA_U19_180822,,,,
180828_JH_HK34_Fezf2LSLflp_female,mouse,NCBI:txid10090,Fezf2CreER;lslFlp,Projection,STPT,MOp,CSHL,"Z. Josh Huang, Partha P. Mitra",1-U19-MH114821-01,U19 Huang,BIL,https://download.brainimagelibrary.org/f7/3a/f73a546aa45b0c4b/180828_JH_HK34_Fezf2LSLflp_female_processed,11,F,https://brainviewer.org:3010/HUA_U19_180828,-0.75,1.5,1.25, AAV2/8-Cag-fDIO TVAeGFP
180829_JH_HK26_PlexinD1LSLflp_female,mouse,NCBI:txid10090,PlexinD1CreER;lslFlp,Projection,STPT,,CSHL,"Z. Josh Huang, Partha P. Mitra",1-U19-MH114821-01,U19 Huang,BIL,,12,F,https://brainviewer.org:3010/HUA_U19_180829,,,,
180830_JH_WG_Fezf2LSLflp_CFA_female,mouse,NCBI:txid10090,Fezf2CreER;lslFlp,Projection,STPT,MOp,CSHL,"Z. Josh Huang, Partha P. Mitra",1-U19-MH114821-01,U19 Huang,BIL,https://download.brainimagelibrary.org/22/06/2206db1eee169a9b/180830_JH_WG_Fezf2LSLflp_CFA_female_processed/,18,F,https://brainviewer.org:3010/HUA_U19_180830,0.6,1.4,1.25, AAV2/8-Cag-fDIO TVAeGFP
180831_JH_HK35_Fezf2LSLflp_ACAv_female,mouse,NCBI:txid10090,Fezf2CreER;lslFlp,Projection,STPT,ACAd,CSHL,"Z. Josh Huang, Partha P. Mitra",1-U19-MH114821-01,U19 Huang,BIL,https://download.brainimagelibrary.org/5c/e8/5ce841021ae87be8/180831_JH_HK35_Fezf2LSLflp_ACAv_female_processed/,11,F,https://brainviewer.org:3010/HUA_U19_180831,0,0.4,1.5, AAV2/8-Cag-fDIO TVAeGFP
180905_JH_HK37_PlexinD1LSLflp_CFA_female,mouse,NCBI:txid10090,PlexinD1CreER;lslFlp,Projection,STPT,MOp,CSHL,"Z. Josh Huang, Partha P. Mitra",1-U19-MH114821-01,U19 Huang,BIL,,7,F,https://brainviewer.org:3010/HUA_U19_180905,0.5,1.5,1.3, AAV2/8-Cag-fDIO TVAeGFP
180911_JH_WG_Tle4LSLflp_SspBfd_female,mouse,NCBI:txid10090,Tle4CreER;lslFlp,Projection,STPT,SSp-bfd,CSHL,"Z. Josh Huang, Partha P. Mitra",1-U19-MH114821-01,U19 Huang,BIL,,7,M,https://brainviewer.org:3010/HUA_U19_180911,-1.5,4,0.9, AAV2/8-CAG-fd-ChR2-EYFP
180912_JH_HK38_Fezf2LSLflp_V1_female,mouse,NCBI:txid10090,Fezf2CreER;lslFlp,Projection,STPT,VISp,CSHL,"Z. Josh Huang, Partha P. Mitra",1-U19-MH114821-01,U19 Huang,BIL,https://download.brainimagelibrary.org/f3/9a/f39ac38e0ab0b318/180912_JH_HK38_Fezf2LSLflp_V1_female_processed/,12,F,https://brainviewer.org:3010/HUA_U19_180912,-3.3,2.8,1, AAV2/8-Cag-fDIO TVAeGFP
180913_JH_HK40_Fezf2LSLflp_V2M_male,mouse,NCBI:txid10090,Fezf2CreER;lslFlp,Projection,STPT,RSPagl,CSHL,"Z. Josh Huang, Partha P. Mitra",1-U19-MH114821-01,U19 Huang,BIL,,13,M,https://brainviewer.org:3010/HUA_U19_180913,-3.6,1,0.6, AAV2/8-Cag-fDIO TVAeGFP
180914_JH_HK42_Tle4LSLflp_RFA_male,mouse,NCBI:txid10090,Tle4CreER;lslFlp,Projection,STPT,MOs,CSHL,"Z. Josh Huang, Partha P. Mitra",1-U19-MH114821-01,U19 Huang,BIL,,,M,https://brainviewer.org:3010/HUA_U19_180914,1.8,1.25,1.35, AAV2/8-Cag-fDIO TVAeGFP
181002_JH_WG_A_Fezf2LSLflp_CFA_male,mouse,NCBI:txid10090,Fezf2CreER;lslFlp,Projection,STPT,MOp,CSHL,"Z. Josh Huang, Partha P. Mitra",1-U19-MH114821-01,U19 Huang,BIL,https://download.brainimagelibrary.org/2c/36/2c36fc438f9ee852/181002_JH_WG_A_Fezf2LSLflp_CFA_male_processed/,,M,https://brainviewer.org:3010/HUA_U19_181002,1.5,1.5,1, AAV2/8-Cag-fDIO TVAeGFP
181003_JH_WG_B_Fezf2LSLflp_CFA3_male,mouse,NCBI:txid10090,Fezf2CreER;lslFlp,Projection,STPT,MOp,CSHL,"Z. Josh Huang, Partha P. Mitra",1-U19-MH114821-01,U19 Huang,BIL,https://download.brainimagelibrary.org/1d/97/1d97066b361f50f6/181003_JH_WG_B_Fezf2LSLflp_CFA3_male_processed/,,M,https://brainviewer.org:3010/HUA_U19_181003,0.3,1.6,1, AAV2/8-Cag-fDIO TVAeGFP
181004_JH_WG_PlexinD1LSLflp_CFA_female,mouse,NCBI:txid10090,PlexinD1CreER;lslFlp,Projection,STPT,MOp,CSHL,"Z. Josh Huang, Partha P. Mitra",1-U19-MH114821-01,U19 Huang,BIL,https://download.brainimagelibrary.org/76/c4/76c48a24b78cad95/181004_JH_WG_PlexinD1LSLflp_CFA_female_processed/,,,https://brainviewer.org:3010/HUA_U19_181004,0.4,1.6,1, AAV2/8-Cag-fDIO TVAeGFP
181009_JH_XA0001_PlexinD1LSLflp_AGT4_LMC_male,mouse,NCBI:txid10090,PlexinD1CreER;lslFlp,Projection,STPT,MOp,CSHL,"Z. Josh Huang, Partha P. Mitra",1-U19-MH114821-01,U19 Huang,BIL,https://download.brainimagelibrary.org/77/da/77da8e4d3365a9f5/181009_JH_XA0001_PlexinD1LSLflp_AGT4_LMC_male_processed/,,M,https://brainviewer.org:3010/HUA_U19_181009,1.6,2,1, AAV2/8-Cag-fDIO TVAeGFP
181010_JH_XA0002_PlexinD1LSLflp_AGT5_LMC_male,mouse,NCBI:txid10090,PlexinD1CreER;lslFlp,Projection,STPT,MOp,CSHL,"Z. Josh Huang, Partha P. Mitra",1-U19-MH114821-01,U19 Huang,BIL,,,M,https://brainviewer.org:3010/HUA_U19_181010,1.1,2,1.3, AAV2/8-Cag-fDIO TVAeGFP
181011_JH_XA0003_Fezf2LSLflp_AGT4_LMC_male,mouse,NCBI:txid10090,Fezf2CreER;lslFlp,Projection,STPT,MOp,CSHL,"Z. Josh Huang, Partha P. Mitra",1-U19-MH114821-01,U19 Huang,BIL,https://download.brainimagelibrary.org/93/77/9377ea05ab62999c/181011_JH_XA0003_Fezf2LSLflp_AGT4_LMC_male_processed/,,M,https://brainviewer.org:3010/HUA_U19_181011,1,2,1.3, AAV2/8-Cag-fDIO TVAeGFP
181012_JH_XA0004_Fezf2LSLflp_AGT5_LMC_male,mouse,NCBI:txid10090,Fezf2CreER;lslFlp,Projection,STPT,MOp,CSHL,"Z. Josh Huang, Partha P. Mitra",1-U19-MH114821-01,U19 Huang,BIL,https://download.brainimagelibrary.org/01/d3/01d31bc4a925f6dd/181012_JH_XA0004_Fezf2LSLflp_AGT5_LMC_male_processed,,M,https://brainviewer.org:3010/HUA_U19_181012,1.1,2.1,1.3, AAV2/8-Cag-fDIO TVAeGFP
181015_JH_HK0043_Fezf2LSLflp_RSPd_female,mouse,NCBI:txid10090,Fezf2CreER;lslFlp,Projection,STPT,RSPd,CSHL,"Z. Josh Huang, Partha P. Mitra",1-U19-MH114821-01,U19 Huang,BIL,https://download.brainimagelibrary.org/63/f4/63f43f88738b00e2/181015_JH_HK0043_Fezf2LSLflp_RSPd_female_processed/,12,F,https://brainviewer.org:3010/HUA_U19_181015,-2.5,0.7,0.6, AAV2/8-Cag-fDIO TVAeGFP
181018_JH_HK0048_Tle4LSLflp_SSpHindlimb_male,mouse,NCBI:txid10090,Tle4CreER;lslFlp,Projection,STPT,,CSHL,"Z. Josh Huang, Partha P. Mitra",1-U19-MH114821-01,U19 Huang,BIL,,12,M,https://brainviewer.org:3010/HUA_U19_181018,,,,
181025_JH_HK0054_PlexinD1LSLflp_RSPv_male,mouse,NCBI:txid10090,PlexinD1CreER;lslFlp,Projection,STPT,RSPd,CSHL,"Z. Josh Huang, Partha P. Mitra",1-U19-MH114821-01,U19 Huang,BIL,https://download.brainimagelibrary.org/de/67/de6776ca4e9b7469/181025_JH_HK0054_PlexinD1LSLflp_RSPv_male_processed/,13,M,https://brainviewer.org:3010/HUA_U19_181025,-2.78,0.7,0.6, AAV2/8-Cag-fDIO TVAeGFP
181030_JH_HK0056_PlexinD1LSLflp_MOp_male,mouse,NCBI:txid10090,PlexinD1CreER;lslFlp,Projection,STPT,MOp,CSHL,"Z. Josh Huang, Partha P. Mitra",1-U19-MH114821-01,U19 Huang,BIL,,14,M,https://brainviewer.org:3010/HUA_U19_181030,1.1,1.75,1.3, AAV2/8-Cag-fDIO TVAeGFP
181031_JH_HK0057_PlexinD1LSLflp_MOpM1_male,mouse,NCBI:txid10090,PlexinD1CreER;lslFlp,Projection,STPT,MOp,CSHL,"Z. Josh Huang, Partha P. Mitra",1-U19-MH114821-01,U19 Huang,BIL,,14,M,https://brainviewer.org:3010/HUA_U19_181031,0.8,1.75,1.3, AAV2/8-Cag-fDIO TVAeGFP
181101_JH_HK0058_PlexinD1LSLflp_MOpFRH_male,mouse,NCBI:txid10090,PlexinD1CreER;lslFlp,Projection,STPT,MOp,CSHL,"Z. Josh Huang, Partha P. Mitra",1-U19-MH114821-01,U19 Huang,BIL,,12,M,https://brainviewer.org:3010/HUA_U19_181101,0.3,1.5,1.3, AAV2/8-Cag-fDIO TVAeGFP
181105_JH_WG0004_Tle4LSLflp_HWD1_female,mouse,NCBI:txid10090,Tle4CreER;lslFlp,Projection,STPT,MOp,CSHL,"Z. Josh Huang, Partha P. Mitra",1-U19-MH114821-01,U19 Huang,BIL,https://download.brainimagelibrary.org/7c/22/7c226f01560e4307/181105_JH_WG0004_Tle4LSLflp_HWD1_female_processed/,,F,https://brainviewer.org:3010/HUA_U19_181105,1.8,1.8,1.3, AAV2/8-Cag-fDIO TVAeGFP
181106_JH_WG0005_Tle4LSLflp_HWD1_female,mouse,NCBI:txid10090,Tle4CreER;lslFlp,Projection,STPT,MOp,CSHL,"Z. Josh Huang, Partha P. Mitra",1-U19-MH114821-01,U19 Huang,BIL,https://download.brainimagelibrary.org/d0/01/d001931709222fd1/181106_JH_WG0005_Tle4LSLflp_HWD1_female_processed/,,F,https://brainviewer.org:3010/HUA_U19_181106,1.1,1.7,1.3, AAV2/8-Cag-fDIO TVAeGFP
181107_JH_WG0002_Fezf2LSLflp_HWD1_male,mouse,NCBI:txid10090,Fezf2CreER;lslFlp,Projection,STPT,MOp,CSHL,"Z. Josh Huang, Partha P. Mitra",1-U19-MH114821-01,U19 Huang,BIL,https://download.brainimagelibrary.org/e3/c0/e3c0a5f1746e8c9a/181107_JH_WG0002_Fezf2LSLflp_HWD1_male_processed/,,M,https://brainviewer.org:3010/HUA_U19_181107,1.1,1.8,1.3, AAV2/8-Cag-fDIO TVAeGFP
181112_JH_HK0060_PlexinD1LSLflp_MOs_male,mouse,NCBI:txid10090,PlexinD1CreER;lslFlp,Projection,STPT,MOs,CSHL,"Z. Josh Huang, Partha P. Mitra",1-U19-MH114821-01,U19 Huang,BIL,https://download.brainimagelibrary.org/10/3f/103f2c836786416b/181112_JH_HK0060_PlexinD1LSLflp_MOs_male_processed,12,M,https://brainviewer.org:3010/HUA_U19_181112,0.5,0.8,1.1, AAV2/8-Cag-fDIO TVAeGFP
181114_JH_HK0062_Tle4LSLflp_MOp_LMC_male,mouse,NCBI:txid10090,Tle4CreER;lslFlp,Projection,STPT,MOp,CSHL,"Z. Josh Huang, Partha P. Mitra",1-U19-MH114821-01,U19 Huang,BIL,https://download.brainimagelibrary.org/25/e8/25e8b44f707a2036/181114_JH_HK0062_Tle4LSLflp_MOp_LMC_male_processed,14,M,https://brainviewer.org:3010/HUA_U19_181114,0.4,1.5,1.1, AAV2/8-Cag-fDIO TVAeGFP
181115_JH_HK0063_Tle4LSLflp_MOp_FRH_male,mouse,NCBI:txid10090,Tle4CreER;lslFlp,Projection,STPT,MOp,CSHL,"Z. Josh Huang, Partha P. Mitra",1-U19-MH114821-01,U19 Huang,BIL,https://download.brainimagelibrary.org/58/e0/58e02dd4212bf381/181115_JH_HK0063_Tle4LSLflp_MOp_FRH_male_processed,14,M,https://brainviewer.org:3010/HUA_U19_181115,0.3,1.1,1.3, AAV2/8-Cag-fDIO TVAeGFP
181127_JH_HK0019_Tle4LSLflp_PL_male,mouse,NCBI:txid10090,Tle4CreER;lslFlp,Projection,STPT,ILA,CSHL,"Z. Josh Huang, Partha P. Mitra",1-U19-MH114821-01,U19 Huang,BIL,https://download.brainimagelibrary.org/5a/20/5a205eea8f2d57cc/181127_JH_HK0019_Tle4LSLflp_PL_male_processed,13,M,https://brainviewer.org:3010/HUA_U19_181127,2.2,0.5,2.5, AAV2/8-Cag-fDIO TVAeGFP
181210_JH_HK0070_Tle4LSLflp_MOp_CFA_female,mouse,NCBI:txid10090,Tle4CreER;lslFlp,Projection,STPT,,CSHL,"Z. Josh Huang, Partha P. Mitra",1-U19-MH114821-01,U19 Huang,BIL,,14,F,https://brainviewer.org:3010/HUA_U19_181210,,,,
181211_JH_HK0071_Tle4LSLflp_MOp_LMC_female,mouse,NCBI:txid10090,Tle4CreER;lslFlp,Projection,STPT,,CSHL,"Z. Josh Huang, Partha P. Mitra",1-U19-MH114821-01,U19 Huang,BIL,,14,F,https://brainviewer.org:3010/HUA_U19_181211,,,,
181217_JH_HK0072_PlexinD1LSLflp_ORBvl_VO__male,mouse,NCBI:txid10090,PlexinD1CreER;lslFlp,Projection,STPT,ORBvl,CSHL,"Z. Josh Huang, Partha P. Mitra",1-U19-MH114821-01,U19 Huang,BIL,https://download.brainimagelibrary.org/7d/44/7d44575c07290d58/181217_JH_HK0072_PlexinD1LSLflp_ORBvl_VO_male_processed,5,M,https://brainviewer.org:3010/HUA_U19_181217,1.8,1,3.5, AAV2/8-Cag-fDIO TVAeGFP
181220_JH_HK0076_PlexinD1LSLflp_SSp_S1_female,mouse,NCBI:txid10090,PlexinD1CreER;lslFlp,Projection,STPT,MOp,CSHL,"Z. Josh Huang, Partha P. Mitra",1-U19-MH114821-01,U19 Huang,BIL,https://download.brainimagelibrary.org/13/32/1332f1e54902f1d6/181220_JH_HK0076_PlexinD1LSLflp_SSp_S1_female_processed/,5,F,https://brainviewer.org:3010/HUA_U19_181220,0.3,1,1, AAV2/8-Cag-fDIO TVAeGFP
190102_JH_HK0077_PlexinD1LSLflp_ACAv_female,mouse,NCBI:txid10090,PlexinD1CreER;lslFlp,Projection,STPT,ACAd,CSHL,"Z. Josh Huang, Partha P. Mitra",1-U19-MH114821-01,U19 Huang,BIL,https://download.brainimagelibrary.org/ec/3d/ec3d1558fe82cb6a/190102_JH_HK0077_PlexinD1LSLflp_ACAv_female_processed/,5,F,https://brainviewer.org:3010/HUA_U19_190102,0,0.4,1.5, AAV2/8-Cag-fDIO TVAeGFP
190103_JH_HK0078_Tle4LSLflp_VISp_V1_female,mouse,NCBI:txid10090,Tle4CreER;lslFlp,Projection,STPT,VISp,CSHL,"Z. Josh Huang, Partha P. Mitra",1-U19-MH114821-01,U19 Huang,BIL,https://download.brainimagelibrary.org/6f/e6/6fe6ed54d08f5227/190103_JH_HK0078_Tle4LSLflp_VISp_V1_female_processed/,5,F,https://brainviewer.org:3010/HUA_U19_190103,-2.72,3,0.8, AAV2/8-Cag-fDIO TVAeGFP
190107_JH_HK0079_Tle4LSLflp_PL_male,mouse,NCBI:txid10090,Tle4CreER;lslFlp,Projection,STPT,ILA,CSHL,"Z. Josh Huang, Partha P. Mitra",1-U19-MH114821-01,U19 Huang,BIL,https://download.brainimagelibrary.org/2d/4d/2d4d6bba31dae800/190107_JH_HK0079_Tle4LSLflp_PL_male_processed/,5,M,https://brainviewer.org:3010/HUA_U19_190107,1.2,0.4,3.5, AAV2/8-Cag-fDIO TVAeGFP
190108_JH_HK0080_Fezf2LSLflp_SSp_S1_female,mouse,NCBI:txid10090,Fezf2CreER;lslFlp,Projection,STPT,SSp,CSHL,"Z. Josh Huang, Partha P. Mitra",1-U19-MH114821-01,U19 Huang,BIL,https://download.brainimagelibrary.org/c0/da/c0da3bd59935cb26/190108_JH_HK0080_Fezf2LSLflp_SSp_S1_female_processed/,5,F,https://brainviewer.org:3010/HUA_U19_190108,-0.3,3,0.8, AAV2/8-Cag-fDIO TVAeGFP
190109_JH_HK0081_Fezf2LSLflp_VISa_parietalcortex_female,mouse,NCBI:txid10090,Fezf2CreER;lslFlp,Projection,STPT,PTLp,CSHL,"Z. Josh Huang, Partha P. Mitra",1-U19-MH114821-01,U19 Huang,BIL,https://download.brainimagelibrary.org/a0/09/a009a5dabe027988/190109_JH_HK0081_Fezf2LSLflp_VISa_parietalcortex_female_processed/,5,F,https://brainviewer.org:3010/HUA_U19_190109,-2.25,2,0.7, AAV2/8-Cag-fDIO TVAeGFP
190110_JH_HK0082_PlexinD1LSLflp_MOs_RFA_male,mouse,NCBI:txid10090,PlexinD1CreER;lslFlp,Projection,STPT,MOp,CSHL,"Z. Josh Huang, Partha P. Mitra",1-U19-MH114821-01,U19 Huang,BIL,https://download.brainimagelibrary.org/1c/7b/1c7b9fb3f2bfed55/190110_JH_HK0082_PlexinLSLflp_MOs_RFA_male_processed/,6,M,https://brainviewer.org:3010/HUA_U19_190110,1,2,0.7, AAV2/8-Cag-fDIO TVAeGFP
190117_JH_HK0083_PlexinD1LSLflp_ORBl_LO_male,mouse,NCBI:txid10090,PlexinD1CreER;lslFlp,Projection,STPT,PIR,CSHL,"Z. Josh Huang, Partha P. Mitra",1-U19-MH114821-01,U19 Huang,BIL,https://download.brainimagelibrary.org/08/40/08407976f55bb1f0/190117_JH_HK0083_PlexinD1LSLflp_ORBl_LO_male_processed/,6,M,https://brainviewer.org:3010/HUA_U19_190117,1,3.75,5, AAV2/8-Cag-fDIO TVAeGFP
190118_JH_HK0084_Tle4LSLflp_AUDp_A1_male,mouse,NCBI:txid10090,Tle4CreER;lslFlp,Projection,STPT,AUDp,CSHL,"Z. Josh Huang, Partha P. Mitra",1-U19-MH114821-01,U19 Huang,BIL,https://download.brainimagelibrary.org/e1/74/e174f5232b856887/190118_JH_HK0084_Tle4LSLflp_AUDp_A1_male_processed/,6,M,https://brainviewer.org:3010/HUA_U19_190118,-2.3,4.5,2.25, AAV2/8-Cag-fDIO TVAeGFP
190122_JH_HK0085_Tle4LSLflp_TEa_male,mouse,NCBI:txid10090,Tle4CreER;lslFlp,Projection,STPT,ENTl,CSHL,"Z. Josh Huang, Partha P. Mitra",1-U19-MH114821-01,U19 Huang,BIL,https://download.brainimagelibrary.org/e3/62/e362f42457c885a0/190122_JH_HK0085_Tle4LSLflp_TEa_male_processed/,6,M,https://brainviewer.org:3010/HUA_U19_190122,-2.2,4.5,4.5, AAV2/8-Cag-fDIO TVAeGFP
190123_JH_HK0086_PlexinD1LSLflp_SSs_S2_male,mouse,NCBI:txid10090,PlexinD1CreER;lslFlp,Projection,STPT,ECT,CSHL,"Z. Josh Huang, Partha P. Mitra",1-U19-MH114821-01,U19 Huang,BIL,https://download.brainimagelibrary.org/46/58/4658f51c330d9683/190123_JH_HK0086_PlexinD1LSLflp_SSs_S2_male_processed/,7,M,https://brainviewer.org:3010/HUA_U19_190123,-1.7,4.5,4, AAV2/8-Cag-fDIO TVAeGFP
190128_JH_HK0089_PlexinD1LSLflp_TEa_female,mouse,NCBI:txid10090,PlexinD1CreER;lslFlp,Projection,STPT,PIR,CSHL,"Z. Josh Huang, Partha P. Mitra",1-U19-MH114821-01,U19 Huang,BIL,https://download.brainimagelibrary.org/00/9c/009c1e6fcc03ebac/mouseID_19010305-190128/,8,F,https://brainviewer.org:3010/HUA_U19_190128,-2.2,4.5,5, AAV2/8-Cag-fDIO TVAeGFP
190129_JH_HK0090_PlexinD1LSLflp_CA1_hippocampus_female,mouse,NCBI:txid10090,PlexinD1CreER;lslFlp,Projection,STPT,CA1,CSHL,"Z. Josh Huang, Partha P. Mitra",1-U19-MH114821-01,U19 Huang,BIL,https://download.brainimagelibrary.org/00/9c/009c1e6fcc03ebac/mouseID_19010308-190129/,8,F,https://brainviewer.org:3010/HUA_U19_190129,-2.2,1.5,1.5, AAV2/8-Cag-fDIO TVAeGFP
190204_JH_HK0092_Tle4LSLflp_TEa_female,mouse,NCBI:txid10090,Tle4CreER;lslFlp,Projection,STPT,ENTl,CSHL,"Z. Josh Huang, Partha P. Mitra",1-U19-MH114821-01,U19 Huang,BIL,https://download.brainimagelibrary.org/e0/6f/e06f7c1d5b44e97c/190204_JH_HK0092_Tle4LSLflp_TEa_female_processed/,7,F,https://brainviewer.org:3010/HUA_U19_190204,-2.2,4.5,4.5, AAV2/8-Cag-fDIO TVAeGFP
190206_JH_HK0095_Foxp2_SSp_S1_male,mouse,NCBI:txid10090,Foxp2Cre,Projection,STPT,SSp,CSHL,"Z. Josh Huang, Partha P. Mitra",1-U19-MH114821-01,U19 Huang,BIL,https://download.brainimagelibrary.org/1d/b6/1db6d0bafef5ae6e/190206_JH_HK0095_Foxp2_SSp_S1_male_processed/,9,M,https://brainviewer.org:3010/HUA_U19_190206,-0.2,2.25,1.5, AAV-CAG-DIO-ChR2-EYFP
190207_JH_HK0099_Tle4LSLflp_MOp_CFA_,mouse,NCBI:txid10090,Tle4CreER;lslFlp,Projection,STPT,MOp,CSHL,"Z. Josh Huang, Partha P. Mitra",1-U19-MH114821-01,U19 Huang,BIL,https://download.brainimagelibrary.org/64/09/6409aba263dd4691/190207_JH_HK0099_Tle4LSLflp_MOp_CFA_processed/,9,F,https://brainviewer.org:3010/HUA_U19_190207,0.3,1.5,1.5, AAV2/8-Cag-fDIO TVAeGFP
190212_JH_HK0100_Tle4LSLflp_SSp_CFO_female,mouse,NCBI:txid10090,Tle4CreER;lslFlp,Projection,STPT,SSp,CSHL,"Z. Josh Huang, Partha P. Mitra",1-U19-MH114821-01,U19 Huang,BIL,https://download.brainimagelibrary.org/80/5f/805f9cd762246ec9/190312_JH_HK0116_Tle4LSLflp_ORBm_MO_male_processed/,9,F,https://brainviewer.org:3010/HUA_U19_190212,0.3,3.5,1.5, AAV2/8-Cag-fDIO TVAeGFP
190213_JH_HK0101_Fezf2LSLflp_ORBvl_VO_male,mouse,NCBI:txid10090,Fezf2CreER;lslFlp,Projection,STPT,ORBvl,CSHL,"Z. Josh Huang, Partha P. Mitra",1-U19-MH114821-01,U19 Huang,BIL,https://download.brainimagelibrary.org/49/33/493378786ca713dc/190213_JH_HK0101_Fezf2LSLflp_ORBvl_VO_male_processed/,10,M,https://brainviewer.org:3010/HUA_U19_190213,1.6,2,3.5, AAV2/8-Cag-fDIO TVAeGFP
190214_JH_HK0102_Fezf2LSLflp_PL_male,mouse,NCBI:txid10090,Fezf2CreER;lslFlp,Projection,STPT,ILA,CSHL,"Z. Josh Huang, Partha P. Mitra",1-U19-MH114821-01,U19 Huang,BIL,https://download.brainimagelibrary.org/3e/f9/3ef91d25d6a25c64/190214_JH_HK0102_Fezf2LSLflp_PL_male_processed/,10,M,https://brainviewer.org:3010/HUA_U19_190214,1.75,0.5,2.5, AAV2/8-Cag-fDIO TVAeGFP
190215_JH_HK0103_Fezf2LSLflp_SSs_S2_male,mouse,NCBI:txid10090,Fezf2CreER;lslFlp,Projection,STPT,SSs,CSHL,"Z. Josh Huang, Partha P. Mitra",1-U19-MH114821-01,U19 Huang,BIL,https://download.brainimagelibrary.org/4f/10/4f10a2aadca4a8fd/190215_JH_HK0103_Fezf2LSLflp_SSs_S2_male_processed/,10,M,https://brainviewer.org:3010/HUA_U19_190215,-0.65,4.25,3, AAV2/8-Cag-fDIO TVAeGFP
190219_JH_HK0104_Fezf2LSLflp_TEa_male,mouse,NCBI:txid10090,Fezf2CreER;lslFlp,Projection,STPT,TEa,CSHL,"Z. Josh Huang, Partha P. Mitra",1-U19-MH114821-01,U19 Huang,BIL,https://download.brainimagelibrary.org/a6/c9/a6c9620d1082f01c/190219_JH_HK0104_Fezf2LSLflp_TEa_male_processed/,10,M,https://brainviewer.org:3010/HUA_U19_190219,-3.5,4.5,3, AAV2/8-Cag-fDIO TVAeGFP
190220_JH_HK0107_FezfLSLflp_VISpm_V2M_female,mouse,NCBI:txid10090,Fezf2CreER;lslFlp,Projection,STPT,VISam,CSHL,"Z. Josh Huang, Partha P. Mitra",1-U19-MH114821-01,U19 Huang,BIL,https://download.brainimagelibrary.org/47/bb/47bbe3754ed271e2/190220_JH_HK0107_Fezf2LSLflp_VISpm_V2M_female_processed/,11,F,https://brainviewer.org:3010/HUA_U19_190220,-2.9,2.25,0.5, AAV2/8-Cag-fDIO TVAeGFP
190225_JH_HK0109_FezF2LSLflp_AUDp_A1_female,mouse,NCBI:txid10090,Fezf2CreER;lslFlp,Projection,STPT,AUDv,CSHL,"Z. Josh Huang, Partha P. Mitra",1-U19-MH114821-01,U19 Huang,BIL,https://download.brainimagelibrary.org/87/8c/878c234a77272f85/190225_JH_HK0109_Fezf2LSLflp_AUDp_A1_female_processed/,12,F,https://brainviewer.org:3010/HUA_U19_190225,-2.5,4.5,3, AAV2/8-Cag-fDIO TVAeGFP
190226_JH_HK0110_Fezf2LSLflp_TEa_female,mouse,NCBI:txid10090,Fezf2CreER;lslFlp,Projection,STPT,TEa,CSHL,"Z. Josh Huang, Partha P. Mitra",1-U19-MH114821-01,U19 Huang,BIL,https://download.brainimagelibrary.org/66/84/668442ac77dfdb68/190226_JH_HK0110_Fezf2LSLflp_TEa_female_processed/,12,F,https://brainviewer.org:3010/HUA_U19_190226,-3.3,4.5,3.1, AAV2/8-Cag-fDIO TVAeGFP
190301_JH_HK0111_FezfLSLflp_ORBl_LO_female,mouse,NCBI:txid10090,Fezf2CreER;lslFlp,Projection,STPT,ORBl,CSHL,"Z. Josh Huang, Partha P. Mitra",1-U19-MH114821-01,U19 Huang,BIL,https://download.brainimagelibrary.org/a6/7f/a67fa39adb4b7ef5/190301_JH_HK0111_Fezf2LSLflp_ORBl_LO_female_processed/,11,M,https://brainviewer.org:3010/HUA_U19_190301,1.9,2,3.7, AAV2/8-Cag-fDIO TVAeGFP
190304_JH_HK0112_Tle4LSLflp_SSs_S2_female,mouse,NCBI:txid10090,Tle4CreER;lslFlp,Projection,STPT,AUDp,CSHL,"Z. Josh Huang, Partha P. Mitra",1-U19-MH114821-01,U19 Huang,BIL,https://download.brainimagelibrary.org/5f/c8/5fc8fad41cb33d37/190304_JH_HK0112_Tle4LSLflp_SSs_S2_female_processed/,10,F,https://brainviewer.org:3010/HUA_U19_190304,-0.65,4.5,3, AAV2/8-Cag-fDIO TVAeGFP
190306_JH_HK0113_Tle4LSLflp_VISp_V1_female,mouse,NCBI:txid10090,Tle4CreER;lslFlp,Projection,STPT,VISp,CSHL,"Z. Josh Huang, Partha P. Mitra",1-U19-MH114821-01,U19 Huang,BIL,https://download.brainimagelibrary.org/e5/e8/e5e8dfa29e9b1324/190306_JH_HK0113_Tle4LSLflp_VISp_V1_female_processed/,9,F,https://brainviewer.org:3010/HUA_U19_190306,-1.65,4.2,2.75, AAV2/8-Cag-fDIO TVAeGFP
190308_JH_HK0114_FoxP2_VISa_parietal_female,mouse,NCBI:txid10090,Foxp2Cre,Projection,STPT,,CSHL,"Z. Josh Huang, Partha P. Mitra",1-U19-MH114821-01,U19 Huang,BIL,,8,F,https://brainviewer.org:3010/HUA_U19_190308,,,,
190311_JH_HK0115_Tle4LSLflp_RSPd_male,mouse,NCBI:txid10090,Tle4CreER;lslFlp,Projection,STPT,RSPd,CSHL,"Z. Josh Huang, Partha P. Mitra",1-U19-MH114821-01,U19 Huang,BIL,https://download.brainimagelibrary.org/af/c2/afc2952d5767cc69/190311_JH_HK0115_Tle4LSLflp_RSPd_male_processed/,10,M,https://brainviewer.org:3010/HUA_U19_190311,-3.25,0.7,15, AAV2/8-Cag-fDIO TVAeGFP
190312_JH_HK0116_Tle4LSLflp_ORBm_MO_male,mouse,NCBI:txid10090,Tle4CreER;lslFlp,Projection,STPT,,CSHL,"Z. Josh Huang, Partha P. Mitra",1-U19-MH114821-01,U19 Huang,BIL,,10,M,https://brainviewer.org:3010/HUA_U19_190312,,,,
190313_JH_HK0117_Tle4LSLflp_SSp_CFO_male,mouse,NCBI:txid10090,Tle4CreER;lslFlp,Projection,STPT,SSp,CSHL,"Z. Josh Huang, Partha P. Mitra",1-U19-MH114821-01,U19 Huang,BIL,https://download.brainimagelibrary.org/c7/26/c726807bc2e90988/190313_JH_HK0117_Tle4LSLflp_SSp_CFO_male_processed/,10,M,https://brainviewer.org:3010/HUA_U19_190313,0.5,3,2.1, AAV2/8-Cag-fDIO TVAeGFP
190314_JH_HK0118_Tle4_LSLflp_MOp_RFO_male,mouse,NCBI:txid10090,Tle4CreER;lslFlp,Projection,STPT,AId,CSHL,"Z. Josh Huang, Partha P. Mitra",1-U19-MH114821-01,U19 Huang,BIL,https://download.brainimagelibrary.org/24/43/2443356fa257348b/190314_JH_HK0118_Tle4_LSLflp_MOp_RFO_male_processed/,10,M,https://brainviewer.org:3010/HUA_U19_190314,1.3,3,4.5, AAV2/8-Cag-fDIO TVAeGFP
190315_JH_HK0119_PlexinD1LSLflp_MOp_RFO_female,mouse,NCBI:txid10090,PlexinD1CreER;lslFlp,Projection,STPT,SSp,CSHL,"Z. Josh Huang, Partha P. Mitra",1-U19-MH114821-01,U19 Huang,BIL,https://download.brainimagelibrary.org/ef/d6/efd6632cecde21fd/190315_JH_HK0119_PlexinD1LSLflp_MOp_RFO_female_processed/,11,F,https://brainviewer.org:3010/HUA_U19_190315,0.9,2.5,2, AAV2/8-Cag-fDIO TVAeGFP
190318_JH_HK0120_PlexinD1LSLflp_SSp_CFO_female,mouse,NCBI:txid10090,PlexinD1CreER;lslFlp,Projection,STPT,SSp,CSHL,"Z. Josh Huang, Partha P. Mitra",1-U19-MH114821-01,U19 Huang,BIL,https://download.brainimagelibrary.org/7f/60/7f604bb59017b1ac/190318_JH_HK0120_PlexinD1LSLflp_SSp_CFO_female_processed/,11,F,https://brainviewer.org:3010/HUA_U19_190318,0.3,3.5,1.5, AAV2/8-Cag-fDIO TVAeGFP
190319_JH_HK0121_PlexinD1LSLflp_VISp_parietal_male,mouse,NCBI:txid10090,PlexinD1CreER;lslFlp,Projection,STPT,VISam,CSHL,"Z. Josh Huang, Partha P. Mitra",1-U19-MH114821-01,U19 Huang,BIL,https://download.brainimagelibrary.org/3e/f1/3ef11b322b4cfdca/190319_JH_HK0121_PlexinD1LSLflp_VISp_parietal_male_processed/,11,M,https://brainviewer.org:3010/HUA_U19_190319,-2.5,2,1, AAV2/8-Cag-fDIO TVAeGFP
190320_JH_HK0122_PlexinD1LSLflp_AUD_A1_male,mouse,NCBI:txid10090,PlexinD1CreER;lslFlp,Projection,STPT,AUDv,CSHL,"Z. Josh Huang, Partha P. Mitra",1-U19-MH114821-01,U19 Huang,BIL,https://download.brainimagelibrary.org/9d/c7/9dc7eb075dc9e3a1/190320_JH_HK0122_PlexinD1LSLflp_AUD_A1_male_processed/,11,M,https://brainviewer.org:3010/HUA_U19_190320,-2.25,4.5,2.5, AAV2/8-Cag-fDIO TVAeGFP
190321_JH_HK0125_PlexinD1LSLflp_VISpm_V2M_male,mouse,NCBI:txid10090,PlexinD1CreER;lslFlp,Projection,STPT,VISam,CSHL,"Z. Josh Huang, Partha P. Mitra",1-U19-MH114821-01,U19 Huang,BIL,https://download.brainimagelibrary.org/c8/32/c83248e486e72747/190321_JH_HK0125_PlexinD1LSLflp_VISpm_V2M_male_processed/,12,M,https://brainviewer.org:3010/HUA_U19_190321,-3.25,1.55,0.5, AAV2/8-Cag-fDIO TVAeGFP
190322_JH_HK0126_PlexinD1LSLflp_PL_male,mouse,NCBI:txid10090,PlexinD1CreER;lslFlp,Projection,STPT,PL,CSHL,"Z. Josh Huang, Partha P. Mitra",1-U19-MH114821-01,U19 Huang,BIL,https://download.brainimagelibrary.org/f4/e0/f4e057926b00ce20/190322_JH_HK0126_PlexinD1LSLflp_PL_male_processed/,12,M,https://brainviewer.org:3010/HUA_U19_190322,1.5,0.5,2, AAV2/8-Cag-fDIO TVAeGFP
190325_JH_HK0127_FoxP2MOp_RFO_male,mouse,NCBI:txid10090,Foxp2Cre,Projection,STPT,MOp,CSHL,"Z. Josh Huang, Partha P. Mitra",1-U19-MH114821-01,U19 Huang,BIL,https://download.brainimagelibrary.org/84/d8/84d8d1c751dff4f3/190325_JH_HK0127_FoxP2_MOp_RFO_male_processed/,12,M,https://brainviewer.org:3010/HUA_U19_190325,1.7,2.5,2, AAV-CAG-DIO-ChR2-EYFP
190326_JH_HK0128_FoxP2_SSp_CFO_male,mouse,NCBI:txid10090,Foxp2Cre,Projection,STPT,SSp-bfd,CSHL,"Z. Josh Huang, Partha P. Mitra",1-U19-MH114821-01,U19 Huang,BIL,https://download.brainimagelibrary.org/3e/bf/3ebff165aabbae9c/190326_JH_HK0128_FoxP2_SSp_CFO_male_processed/,12,M,https://brainviewer.org:3010/HUA_U19_190326,0.3,3.5,1.5, AAV-CAG-DIO-ChR2-EYFP
190329_JH_HK0129_PlexinD1LSLflp_MOs_RG_male,mouse,NCBI:txid10090,PlexinD1CreER;lslFlp,Projection,STPT,SSp-bfd,CSHL,"Z. Josh Huang, Partha P. Mitra",1-U19-MH114821-01,U19 Huang,BIL,https://download.brainimagelibrary.org/f6/30/f6307b2d106bdd50/190329_JH_HK0129_PlexinD1LSLflp_MOs_RG_male_processed/,12,M,https://brainviewer.org:3010/HUA_U19_190329,0,4,2, AAV2/8-Cag-fDIO TVAeGFP
190422_JH_HK0131_PlexinD1LSLflp_SSp_S1forelimb_male,mouse,NCBI:txid10090,PlexinD1CreER;lslFlp,Projection,STPT,SSp-ul,CSHL,"Z. Josh Huang, Partha P. Mitra",1-U19-MH114821-01,U19 Huang,BIL,https://download.brainimagelibrary.org/4e/00/4e00da80823aac31/190422_JH_HK0131_PlexinD1LSLflp_SSp_S1forelimb_male_processed/,14,M,https://brainviewer.org:3010/HUA_U19_190422,0,2.5,2, AAV2/8-Cag-fDIO TVAeGFP
190424_JH_HK0132_PlexinD1LSLlfp_SSp_S1hindlimb_male,mouse,NCBI:txid10090,PlexinD1CreER;lslFlp,Projection,STPT,SSp-ll,CSHL,"Z. Josh Huang, Partha P. Mitra",1-U19-MH114821-01,U19 Huang,BIL,https://download.brainimagelibrary.org/51/77/517748e5e4528e9e/190424_JH_HK0132_PlexinD1LSLflp_SSp_S1hindlimb_male_processed/,14,M,https://brainviewer.org:3010/HUA_U19_190424,-1,1.75,1, AAV2/8-Cag-fDIO TVAeGFP
190425_JH_HK0133_PlexinD1LSLflp_PL_female,mouse,NCBI:txid10090,PlexinD1CreER;lslFlp,Projection,STPT,PL,CSHL,"Z. Josh Huang, Partha P. Mitra",1-U19-MH114821-01,U19 Huang,BIL,https://download.brainimagelibrary.org/f7/25/f7251d01bb0e5094/190425_JH_HK0133_PlexinD1LSLflp_PL_female_processed/,15,F,https://brainviewer.org:3010/HUA_U19_190425,1.5,0.5,2.25, AAV2/8-Cag-fDIO TVAeGFP
190426_JH_HK0134_PlexinD1LSLflp_MOs_RFA_female,mouse,NCBI:txid10090,Tle4CreER;lslFlp,Projection,STPT,MOs,CSHL,"Z. Josh Huang, Partha P. Mitra",1-U19-MH114821-01,U19 Huang,BIL,https://download.brainimagelibrary.org/08/a1/08a1310bf23f9af4/190426_JH_HK0134_Tle4LSLflp_MOs_RFA_female_processed,13,F,https://brainviewer.org:3010/HUA_U19_190426,1.8,1.25,1.25, AAV2/8-Cag-fDIO TVAeGFP
190430_JH_HK0138_Fezf2LSLfpl_ENTl_female,mouse,NCBI:txid10090,Fezf2CreER;lslFlp,Projection,STPT,TEa,CSHL,"Z. Josh Huang, Partha P. Mitra",1-U19-MH114821-01,U19 Huang,BIL,https://download.brainimagelibrary.org/65/5a/655af45b8976bfd4/190430_JH_HK1038_Fezf2LSLflp_ENTl_female_processed,9,F,https://brainviewer.org:3010/HUA_U19_190430,-2.4,4.7,3.4, AAV2/8-Cag-fDIO TVAeGFP
190502_JH_HK0141_PlexinD1LSLflp_SSp_CFO_female,mouse,NCBI:txid10090,PlexinD1CreER;lslFlp,Projection,STPT,SSp,CSHL,"Z. Josh Huang, Partha P. Mitra",1-U19-MH114821-01,U19 Huang,BIL,https://download.brainimagelibrary.org/46/63/466311fa3e962b05/190502_JH_HK0141_PlexinD1LSLflp_SSp_CFO_female_processed/,13,F,https://brainviewer.org:3010/HUA_U19_190502,,,,
190513_JH_HK0146_Fezf2LSLflp_TEa_female,mouse,NCBI:txid10090,Fezf2CreER;lslFlp,Projection,STPT,TEa,CSHL,"Z. Josh Huang, Partha P. Mitra",1-U19-MH114821-01,U19 Huang,BIL,https://download.brainimagelibrary.org/ea/12/ea12de3aeafb34a5/190513_JH_HK0146_Fezf2LSLflp_TEa_female_processed/,10,F,https://brainviewer.org:3010/HUA_U19_190513,-2.3,4.6,3.5, AAV2/8-Cag-fDIO TVAeGFP
190514_JH_HK0144_Tle4LSLflp_TEa_female,mouse,NCBI:txid10090,Tle4CreER;lslFlp,Projection,STPT,ECT,CSHL,"Z. Josh Huang, Partha P. Mitra",1-U19-MH114821-01,U19 Huang,BIL,https://download.brainimagelibrary.org/61/c4/61c4b616a757a951/190514_JH_HK0144_Tle4LSLflp_TEa_female_processed/,14,F,https://brainviewer.org:3010/HUA_U19_190514,-2.2,4.6,4, AAV2/8-Cag-fDIO TVAeGFP
190516_JH_HK0145_Fezf2LSLflp_PL_female,mouse,NCBI:txid10090,Fezf2CreER;lslFlp,Projection,STPT,PL,CSHL,"Z. Josh Huang, Partha P. Mitra",1-U19-MH114821-01,U19 Huang,BIL,https://download.brainimagelibrary.org/f3/db/f3dbd1e7261d345d/190516_JH_HK0145_Fezf2LSLflp_PL_female_processed/,10,F,https://brainviewer.org:3010/HUA_U19_190516,,,,
190522_JH_HK0148_Fezf2LSLflp_RSPv_restrosplenial_male,mouse,NCBI:txid10090,Fezf2CreER;lslFlp,Projection,STPT,RSPv,CSHL,"Z. Josh Huang, Partha P. Mitra",1-U19-MH114821-01,U19 Huang,BIL,https://download.brainimagelibrary.org/a8/a9/a8a98350a17b8e2d/190522_JH_HK0148_Fezf2LSLflp_RSPv_retrosplenial_male_processed/,10,M,https://brainviewer.org:3010/HUA_U19_190522,-2.5,0.6,1.5, AAV2/8-Cag-fDIO TVAeGFP
190523_JH_HK0152_PlexinD1LSLflp_ORBl_LO_female,mouse,NCBI:txid10090,PlexinD1CreER;lslFlp,Projection,STPT,ORBl,CSHL,"Z. Josh Huang, Partha P. Mitra",1-U19-MH114821-01,U19 Huang,BIL,https://download.brainimagelibrary.org/b2/cb/b2cb49e24a446fac/190523_JH_HK0152_PlexinD1LSLflp_ORBl_LO_female_processed/,9,F,https://brainviewer.org:3010/HUA_U19_190523,2.25,2,3.5, AAV2/8-Cag-fDIO TVAeGFP
190528_JH_HK0153_PlexinD1LSLflp_RSPv_retrosplenial_male,mouse,NCBI:txid10090,PlexinD1CreER;lslFlp,Projection,STPT,RSPv,CSHL,"Z. Josh Huang, Partha P. Mitra",1-U19-MH114821-01,U19 Huang,BIL,https://download.brainimagelibrary.org/f9/df/f9df70eb44c20e0a/190528_JH_HK0153_PlexinD1LSLflp_RSPv_retrosplenial_male_processed/,9,M,https://brainviewer.org:3010/HUA_U19_190528,-2.5,0.6,1.5, AAV2/8-Cag-fDIO TVAeGFP
190531_JH_HK0154_PlexinD1LSLflp_ORB_MO_male,mouse,NCBI:txid10090,PlexinD1CreER;lslFlp,Projection,STPT,TTd,CSHL,"Z. Josh Huang, Partha P. Mitra",1-U19-MH114821-01,U19 Huang,BIL,,9,M,https://brainviewer.org:3010/HUA_U19_190531,1.4,0.5,3.5, AAV2/8-Cag-fDIO TVAeGFP
190604_JH_HK0155_PlexinD1LSLflp_AId_Insula_male,mouse,NCBI:txid10090,PlexinD1CreER;lslFlp,Projection,STPT,PIR,CSHL,"Z. Josh Huang, Partha P. Mitra",1-U19-MH114821-01,U19 Huang,BIL,https://download.brainimagelibrary.org/61/f2/61f2ec024d5f6558/190604_JH_HK0155_PlexinD1LSLflp_AId_Insula_male_processed/,9,M,https://brainviewer.org:3010/HUA_U19_190604,0,4.5,4.5, AAV2/8-Cag-fDIO TVAeGFP
190607_JH_HK0158_Tle4LSLflp_MOp_RFO_female,mouse,NCBI:txid10090,Tle4CreER;lslFlp,Projection,STPT,SSp,CSHL,"Z. Josh Huang, Partha P. Mitra",1-U19-MH114821-01,U19 Huang,BIL,https://download.brainimagelibrary.org/83/60/83606abe7302d595/190607_JH_HK0158_Tle4LSLflp_MOp_RFO_female_processed/,9,F,https://brainviewer.org:3010/HUA_U19_190607,1.5,1.5,2.6, AAV2/8-Cag-fDIO TVAeGFP
190610_JH_HK0162_Tle4LSLflp_ORBl_VLO_male,mouse,NCBI:txid10090,Tle4CreER;lslFlp,Projection,STPT,ORBl,CSHL,"Z. Josh Huang, Partha P. Mitra",1-U19-MH114821-01,U19 Huang,BIL,,9,M,https://brainviewer.org:3010/HUA_U19_190610,2,2.2,3.6, AAV2/8-Cag-fDIO TVAeGFP
190611_JH_HK0159_Tle4LSLflp_SSp_S1hindlimb_female,mouse,NCBI:txid10090,Tle4CreER;lslFlp,Projection,STPT,SSp-ll,CSHL,"Z. Josh Huang, Partha P. Mitra",1-U19-MH114821-01,U19 Huang,BIL,,9,F,https://brainviewer.org:3010/HUA_U19_190611,-0.5,2.2,1.75, AAV2/8-Cag-fDIO TVAeGFP
190613_JH_HK0163_Tle4LSLflp_ACAd_cingulate_male,mouse,NCBI:txid10090,Tle4CreER;lslFlp,Projection,STPT,ACAv,CSHL,"Z. Josh Huang, Partha P. Mitra",1-U19-MH114821-01,U19 Huang,BIL,https://download.brainimagelibrary.org/5f/cf/5fcf8167645409cc/190613_JH_HK0163_Tle4LSLflp_ACAd_cingulate_male_processed/,9,M,https://brainviewer.org:3010/HUA_U19_190613,0.6,0.7,1.75, AAV2/8-Cag-fDIO TVAeGFP
190618_JH_HK0165_Tle4LSLflp_MOs_M2_female,mouse,NCBI:txid10090,Tle4CreER;lslFlp,Projection,STPT,MOs,CSHL,"Z. Josh Huang, Partha P. Mitra",1-U19-MH114821-01,U19 Huang,BIL,https://download.brainimagelibrary.org/75/3f/753f0a97c69dd6d1/190620_JH_HK0166_Tle4LSLflp_SSp_FRT_male_processed/,9,F,https://brainviewer.org:3010/HUA_U19_190618,1.7,1,2, AAV2/8-Cag-fDIO TVAeGFP
190620_JH_HK0166_Tle4LSLflp_SSp_FRT_male,mouse,NCBI:txid10090,Tle4CreER;lslFlp,Projection,STPT,MOp,CSHL,"Z. Josh Huang, Partha P. Mitra",1-U19-MH114821-01,U19 Huang,BIL,,6,M,https://brainviewer.org:3010/HUA_U19_190620,-1.5,1.1,1.2, AAV2/8-Cag-fDIO TVAeGFP
190624_JH_HK0168_PlexinD1LSLflp_VLSl_V2L_male,mouse,NCBI:txid10090,PlexinD1CreER;lslFlp,Projection,STPT,VISal,CSHL,"Z. Josh Huang, Partha P. Mitra",1-U19-MH114821-01,U19 Huang,BIL,https://download.brainimagelibrary.org/40/40/4040f8d9f3dcda28/190624_JH_HK0168_PlexinD1LSLflp_VLSl_V2L_male_processed/,6,M,https://brainviewer.org:3010/HUA_U19_190624,-3.3,4,1, AAV2/8-Cag-fDIO TVAeGFP
190625_JH_HK0169_PlexinD1LSLflp_SSs_S2_male,mouse,NCBI:txid10090,PlexinD1CreER;lslFlp,Projection,STPT,SSs,CSHL,"Z. Josh Huang, Partha P. Mitra",1-U19-MH114821-01,U19 Huang,BIL,https://download.brainimagelibrary.org/89/4f/894f11719716d433/190625_JH_HK0169_PlexinD1LSLflp_SSs_S2_male_processed/,6,M,https://brainviewer.org:3010/HUA_U19_190625,-0.5,4.5,3, AAV2/8-Cag-fDIO TVAeGFP
190626_JH_HK0172_Fezf2LSLflp_VLSl_V2L_male,mouse,NCBI:txid10090,Fezf2CreER;lslFlp,Projection,STPT,VISl,CSHL,"Z. Josh Huang, Partha P. Mitra",1-U19-MH114821-01,U19 Huang,BIL,https://download.brainimagelibrary.org/d6/fa/d6fafa4053c775df/190626_JH_HK0172_Fezf2LSLflp_VLSl_V2L_male_processed/,7,M,https://brainviewer.org:3010/HUA_U19_190626,-4,4,1.4, AAV2/8-Cag-fDIO TVAeGFP
190628_JH_HK0178_Fezf2LSLflp_ORBm_MO_male,mouse,NCBI:txid10090,Fezf2CreER;lslFlp,Projection,STPT,ILA,CSHL,"Z. Josh Huang, Partha P. Mitra",1-U19-MH114821-01,U19 Huang,BIL,https://download.brainimagelibrary.org/d9/73/d973913c656b5f07/190628_JH_HK0178_Fezf2LSLflp_ORBm_MO_male_processed/,8,M,https://brainviewer.org:3010/HUA_U19_190628,1.5,0.5,3.4, AAV2/8-Cag-fDIO TVAeGFP
190702_JH_HK0181_PlexinD1LSLflp_MOp_RFO_male,mouse,NCBI:txid10090,PlexinD1CreER;lslFlp,Projection,STPT,MOp,CSHL,"Z. Josh Huang, Partha P. Mitra",1-U19-MH114821-01,U19 Huang,BIL,https://download.brainimagelibrary.org/44/30/44304175e9f87e60/home/,7,M,https://brainviewer.org:3010/HUA_U19_190702,1.3,2,2, AAV2/8-Cag-fDIO TVAeGFP
190708_JH_HK0182_PlexinD1LSLflp_SSp_CFO_male,mouse,NCBI:txid10090,PlexinD1CreER;lslFlp,Projection,STPT,SSp-bfd,CSHL,"Z. Josh Huang, Partha P. Mitra",1-U19-MH114821-01,U19 Huang,BIL,https://download.brainimagelibrary.org/9a/0c/9a0c15c70b8add5b/home/,7,M,https://brainviewer.org:3010/HUA_U19_190708,0.4,3,2, AAV2/8-Cag-fDIO TVAeGFP
190710_JH_HK0187_Fezf2LSLflp_ACAv_cingulate_male,mouse,NCBI:txid10090,Fezf2CreER;lslFlp,Projection,STPT,ACAv,CSHL,"Z. Josh Huang, Partha P. Mitra",1-U19-MH114821-01,U19 Huang,BIL,https://download.brainimagelibrary.org/58/79/5879dc7592bd873f/home/,8,M,https://brainviewer.org:3010/HUA_U19_190710,0,0.5,2, AAV2/8-Cag-fDIO TVAeGFP
190717_JH_HK0191_PlexinD1LSLflp_PERI_perirhinal_male,mouse,NCBI:txid10090,PlexinD1CreER;lslFlp,Projection,STPT,TEA,CSHL,"Z. Josh Huang, Partha P. Mitra",1-U19-MH114821-01,U19 Huang,BIL,https://download.brainimagelibrary.org/49/ae/49ae2f1557677bf0/190717_JH_HK0191_PlexiD1LSLfp_PERI_perirhinal_male_processed/,9,M,https://brainviewer.org:3010/HUA_U19_190717,-1.7,4.5,3.75, AAV2/8-Cag-fDIO TVAeGFP
190718_JH_HK0192_PlexinD1LSLflp_PERI_perirhinal_male,mouse,NCBI:txid10090,PlexinD1CreER;lslFlp,Projection,STPT,PERI,CSHL,"Z. Josh Huang, Partha P. Mitra",1-U19-MH114821-01,U19 Huang,BIL,https://download.brainimagelibrary.org/aa/72/aa72f327d8d79899/home/,9,M,https://brainviewer.org:3010/HUA_U19_190718,,,,
190720_JH_HK0194_PlexinD1LSLflp_MOp_CFA_female,mouse,NCBI:txid10090,PlexinD1CreER;lslFlp,Projection,STPT,MOp,CSHL,"Z. Josh Huang, Partha P. Mitra",1-U19-MH114821-01,U19 Huang,BIL,https://download.brainimagelibrary.org/ec/f1/ecf14f82960392ed/home/,6,F,https://brainviewer.org:3010/HUA_U19_190720,,,,
190723_JH_HK0195_FoxP2_MOp_RFO_female,mouse,NCBI:txid10090,Foxp2Cre,Projection,STPT,RFO,CSHL,"Z. Josh Huang, Partha P. Mitra",1-U19-MH114821-01,U19 Huang,BIL,https://download.brainimagelibrary.org/c8/c9/c8c927659240ccb5/home/,9,F,https://brainviewer.org:3010/HUA_U19_190723,,,,
190724_JH_HK0196_FoxP2_SSp_CFO_female,mouse,NCBI:txid10090,Foxp2Cre,Projection,STPT,SSp-ul,CSHL,"Z. Josh Huang, Partha P. Mitra",1-U19-MH114821-01,U19 Huang,BIL,https://download.brainimagelibrary.org/14/29/1429e138f14a6e6a/home/,9,F,https://brainviewer.org:3010/HUA_U19_190724,0.4,3.5,2, AAV2/8-Cag-fDIO TVAeGFP
190805_JH_HK0199_PlexinD1LSLflp_MOp_FRT_female,mouse,NCBI:txid10090,PlexinD1CreER;lslFlp,Projection,STPT,whole brain,CSHL,"Z. Josh Huang, Partha P. Mitra",1-U19-MH114821-01,U19 Huang,BIL,https://download.brainimagelibrary.org/06/ea/06ea02c3bf50c7b9/190805_JH_HK0199_PlexinD1LSLflp_MOp_FRT_female_processed/,9,F,https://brainviewer.org:3010/HUA_U19_190805,,,,
190806_JH_HK0200_PlexinD1LSLflp_SSp_S1hindlimb_female,mouse,NCBI:txid10090,PlexinD1CreER;lslFlp,Projection,STPT,whole brain,CSHL,"Z. Josh Huang, Partha P. Mitra",1-U19-MH114821-01,U19 Huang,BIL,https://download.brainimagelibrary.org/4a/c0/4ac0c0d5b6bf2352/190806_JH_HK0200_PlexinD1LSLflp_SSp_S1hindlimb_female_processed/,9,F,https://brainviewer.org:3010/HUA_U19_190806,,,,
190809_JH_HK0202_PlexinD1LSLflp_MOp_RFO_male,mouse,NCBI:txid10090,PlexinD1CreER;lslFlp,Projection,STPT,whole brain,CSHL,"Z. Josh Huang, Partha P. Mitra",1-U19-MH114821-01,U19 Huang,BIL,https://download.brainimagelibrary.org/88/7e/887e0e42039498f9/190809_JH_HK0202_PlexinD1LSLflp_MOp_RFO_male_processed/,10,M,https://brainviewer.org:3010/HUA_U19_190809,,,,
190812_JH_HK0204_Fezf2LSLflp_ORBl_VLO_male,mouse,NCBI:txid10090,Fezf2CreER;lslFlp,Projection,STPT,whole brain,CSHL,"Z. Josh Huang, Partha P. Mitra",1-U19-MH114821-01,U19 Huang,BIL,https://download.brainimagelibrary.org/ab/09/ab09a0a186bc98af/190812_JH_HK0204_Fezf2LSLflp_ORBl_VLO_male_processed/,14,M,https://brainviewer.org:3010/HUA_U19_190812,,,,
190820_JH_HK0207_Fezf2LSLflp_ENTl_entorhinal_female,mouse,NCBI:txid10090,Fezf2CreER;lslFlp,Projection,STPT,whole brain,CSHL,"Z. Josh Huang, Partha P. Mitra",1-U19-MH114821-01,U19 Huang,BIL,https://download.brainimagelibrary.org/f3/e8/f3e8e78a3663b791/190820_JH_HK0207_Fezf2LSLflp_ENTl_entorhinal_female_processed/,9,F,https://brainviewer.org:3010/HUA_U19_190820,,,,
190823_JH_HK0208_PlexinD1LSLflp_PL_male,mouse,NCBI:txid10090,PlexinD1CreER;lslFlp,Projection,STPT,whole brain,CSHL,"Z. Josh Huang, Partha P. Mitra",1-U19-MH114821-01,U19 Huang,BIL,https://download.brainimagelibrary.org/5f/97/5f97820484265501/190823_JH_HK0208_PlexinD1LSLflp_PL_male_processed/,11,M,https://brainviewer.org:3010/HUA_U19_190823,,,,
190826_JH_HK0209_Fezf2LSLflp_PL_male,mouse,NCBI:txid10090,Fezf2CreER;lslFlp,Projection,STPT,,CSHL,"Z. Josh Huang, Partha P. Mitra",1-U19-MH114821-01,U19 Huang,BIL,,10,M,https://brainviewer.org:3010/HUA_U19_190826,,,,
190827_JH_HK0213_PlexinD1LSLflp_MOs_RFA_male,mouse,NCBI:txid10090,PlexinD1CreER;lslFlp,Projection,STPT,whole brain,CSHL,"Z. Josh Huang, Partha P. Mitra",1-U19-MH114821-01,U19 Huang,BIL,https://download.brainimagelibrary.org/f5/6c/f56c01fd48cfd224/190827_JH_HK0213_PlexinD1LSLflp_MOs_RFA_male_processed/,9,M,https://brainviewer.org:3010/HUA_U19_190827,,,,
190829_JH_HK0214_PlexinD1LSLflp_MOs_CFA_male,mouse,NCBI:txid10090,PlexinD1CreER;lslFlp,Projection,STPT,whole brain,CSHL,"Z. Josh Huang, Partha P. Mitra",1-U19-MH114821-01,U19 Huang,BIL,https://download.brainimagelibrary.org/9b/b5/9bb56ac701a1a957/190829_JH_HK0214_PlexinD1LSLflp_MOs_CFA_male_processed/,9,M,https://brainviewer.org:3010/HUA_U19_190829,,,,
190903_JH_WG0006_Fezf2LSLflp_MOp_CFA_female,mouse,NCBI:txid10090,Fezf2CreER;lslFlp,Projection,STPT,MOp,CSHL,"Z. Josh Huang, Partha P. Mitra",1-U19-MH114821-01,U19 Huang,BIL,https://download.brainimagelibrary.org/00/9c/009c1e6fcc03ebac/mouseID_19022518_190903/,,M,https://brainviewer.org:3010/HUA_U19_190903,0,1.3,1, AAV2/8-Cag-fDIO TVAeGFP
190904_JH_WG0007_Fezf2LSLflp_MOp_CFA_male,mouse,NCBI:txid10090,Fezf2CreER;lslFlp,Projection,STPT,brain,CSHL,"Z. Josh Huang, Partha P. Mitra",1-U19-MH114821-01,U19 Huang,BIL,https://download.brainimagelibrary.org/00/9c/009c1e6fcc03ebac/mouseID_19022520-190904/,,M,https://brainviewer.org:3010/HUA_U19_190904,,,,
190905_JH_WG0008_Fezf2LSLflp_MOp_CFA_male,mouse,NCBI:txid10090,Fezf2CreER;lslFlp,Projection,STPT,brain,CSHL,"Z. Josh Huang, Partha P. Mitra",1-U19-MH114821-01,U19 Huang,BIL,https://download.brainimagelibrary.org/00/9c/009c1e6fcc03ebac/mouseID_19022519-190905/,,F,https://brainviewer.org:3010/HUA_U19_190905,,,,
190906_JH_HK0215_Tle4LSLflp_VLSl_V2L_female,mouse,NCBI:txid10090,Tle4CreER;lslFlp,Projection,STPT,brain,CSHL,"Z. Josh Huang, Partha P. Mitra",1-U19-MH114821-01,U19 Huang,BIL,https://download.brainimagelibrary.org/00/9c/009c1e6fcc03ebac/mouseID_19022715-190906/,9,F,https://brainviewer.org:3010/HUA_U19_190906,,,,
190915_RD_FoxP2Cre_CFA_female,mouse,NCBI:txid10090,Foxp2Cre,Projection,STPT,MOp,CSHL,"Z. Josh Huang, Partha P. Mitra",1-U19-MH114821-01,U19 Huang,BIL,,,F,https://brainviewer.org:3010/HUA_U19_190915,0,1.3,1, AV2/8-hSyn-DIO-EGFP 
190917_JH_HK0218_PlexinD1LSLflp_MOs_M2,mouse,NCBI:txid10090,PlexinD1CreER;lslFlp,Projection,STPT,,CSHL,"Z. Josh Huang, Partha P. Mitra",1-U19-MH114821-01,U19 Huang,BIL,,8,M,https://brainviewer.org:3010/HUA_U19_190917,,,,
190924_JH_HK0225_Tle4LSLflp_TEa_male_raw,mouse,NCBI:txid10090,Tle4CreER;lslFlp,Projection,STPT,Tea,CSHL,"Z. Josh Huang, Partha P. Mitra",1-U19-MH114821-01,U19 Huang,BIL,https://download.brainimagelibrary.org/fa/81/fa8151a909dcb5db/190924_JH_HK0225_Tle4LSLflp_TEa_male_processed,9,M,https://brainviewer.org:3010/HUA_U19_190924,,,,
190926_JH_HK0226_Fezf2LSLflp_SSp_S1forelimb_female,mouse,NCBI:txid10090,Fezf2CreER;lslFlp,Projection,STPT,SSp,CSHL,"Z. Josh Huang, Partha P. Mitra",1-U19-MH114821-01,U19 Huang,BIL,https://download.brainimagelibrary.org/67/4a/674a900b437ee9f0/190926_JH_HK0226_Fezf2LSLflp_SSp_S1forelimb_female_processed,9,F,https://brainviewer.org:3010/HUA_U19_190926,,,,
190930_JH_HK0227_Fezf2LSLflp_SSp_S1hindlimb_female,mouse,NCBI:txid10090,Fezf2CreER;lslFlp,Projection,STPT,N/A,CSHL,"Z. Josh Huang, Partha P. Mitra",1-U19-MH114821-01,U19 Huang,BIL,https://download.brainimagelibrary.org/19/d7/19d7b62f8be6b1a5/190930_JH_HK0227_Fezf2LSLflp_SSp_S1hindlimb_female_processed,9,F,https://brainviewer.org:3010/HUA_U19_190930,,,,
191007_JH_HK0228_Tle4LSLflp_MOs_M2ALM_female,mouse,NCBI:txid10090,Tle4CreER;lslFlp,Projection,STPT,MOp,CSHL,"Z. Josh Huang, Partha P. Mitra",1-U19-MH114821-01,U19 Huang,BIL,https://download.brainimagelibrary.org/2f/7b/2f7be30ac7784824/191007_JH_HK0228_Tle4LSLflp_MOs_M2ALM_female_processed,8,F,https://brainviewer.org:3010/HUA_U19_191007,1.6,2.3,2.5, AAV2/8-Cag-fDIO TVAeGFP
191009_JH_HK0229_Tle4LSLflp_ORBvl_VO_female,mouse,NCBI:txid10090,Tle4CreER;lslFlp,Projection,STPT,ILA,CSHL,"Z. Josh Huang, Partha P. Mitra",1-U19-MH114821-01,U19 Huang,BIL,https://download.brainimagelibrary.org/fb/eb/fbeb93af8de3b2ba/191009_JH_HK0229_Tle4LSLflp_ORBvl_VO_female_processed,8,F,https://brainviewer.org:3010/HUA_U19_191009,1.6,0.3,3.5, AAV2/8-Cag-fDIO TVAeGFP
191010_JH_KM_FoxP2cre_2HL_S1_male,mouse,NCBI:txid10090,Foxp2Cre,Projection,STPT,N/A,CSHL,"Z. Josh Huang, Partha P. Mitra",1-U19-MH114821-01,U19 Huang,BIL,,,M,https://brainviewer.org:3010/HUA_U19_191010,,,,
191025_JH_KM_FoxP2cre_2HL2_S1_male,mouse,NCBI:txid10090,Foxp2Cre,Projection,STPT,Ssp,CSHL,"Z. Josh Huang, Partha P. Mitra",1-U19-MH114821-01,U19 Huang,BIL,,,M,https://brainviewer.org:3010/HUA_U19_191025,-2.2,4,1.5, AAAV8-CAG-FLEX-GFP
191027_JH_HK0231_Fezf2LSLflp_ORBm_MO_female,mouse,NCBI:txid10090,Fezf2CreER;lslFlp,Projection,STPT,ORBm,CSHL,"Z. Josh Huang, Partha P. Mitra",1-U19-MH114821-01,U19 Huang,BIL,https://download.brainimagelibrary.org/33/b7/33b777ba2f69c2a7/191027_JH_HK0231_Fezf2LSLflp_ORBm_MO_female_processed,10,F,https://brainviewer.org:3010/HUA_U19_191027,2.5,0.4,2, AAV2/8-Cag-fDIO TVAeGFP
191028_JH_HK0230_Fezf2LSLflp_ORBl_VLO_female,mouse,NCBI:txid10090,Fezf2CreER;lslFlp,Projection,STPT,ORBl,CSHL,"Z. Josh Huang, Partha P. Mitra",1-U19-MH114821-01,U19 Huang,BIL,https://download.brainimagelibrary.org/eb/ce/ebce8fe0d38c0cfb/191028_JH_HK0230_Fezf2LSLflp_ORBl_VLO_female_processed,10,F,https://brainviewer.org:3010/HUA_U19_191028,,,,
191029_JH_HK0232_Fezf2LSLflp_VISa_parietal_male,mouse,NCBI:txid10090,Fezf2CreER;lslFlp,Projection,STPT,PTLp,CSHL,"Z. Josh Huang, Partha P. Mitra",1-U19-MH114821-01,U19 Huang,BIL,https://download.brainimagelibrary.org/1a/80/1a80abd92036d17d/191029_JH_HK0232_Fezf2LSLflp_VISa_parietal_male_processed,11,M,https://brainviewer.org:3010/HUA_U19_191029,-2.2,1,6, AAV2/8-Cag-fDIO TVAeGFP
191031_JH_KM_241_TcergCreER_male,mouse,NCBI:txid10090,Tcerg1l-CreER,Projection,STPT,Ssp,CSHL,"Z. Josh Huang, Partha P. Mitra",1-U19-MH114821-01,U19 Huang,BIL,,,M,https://brainviewer.org:3010/HUA_U19_191031,-2,3.5,1.5, AAV8-CAG-FLEX-GFP
191106_JH_KM_FoxP2cre_1HR_S1_male,mouse,NCBI:txid10090,Foxp2Cre,Projection,STPT,Ssp,CSHL,"Z. Josh Huang, Partha P. Mitra",1-U19-MH114821-01,U19 Huang,BIL,,,M,https://brainviewer.org:3010/HUA_U19_191106,-2,3.5,1.5, AAV8-CAG-FLEX-GFPP
191107_JH_HK0233_Fezf2LSLflp_Ald_insula_male,mouse,NCBI:txid10090,Fezf2CreER;lslFlp,Projection,STPT,AId,CSHL,"Z. Josh Huang, Partha P. Mitra",1-U19-MH114821-01,U19 Huang,BIL,https://download.brainimagelibrary.org/9c/64/9c6442e30a8d12d9/191107_JH_HK0233_Fezf2LSLflp_Ald_insula_male_processed,11,M,https://brainviewer.org:3010/HUA_U19_191107,-0.9,3.5,4.25, AAV2/8-Cag-fDIO TVAeGFP
191108_JH_HK0234_FoxP2_MOs_RFA_male,mouse,NCBI:txid10090,Foxp2Cre,Projection,STPT,MOs,CSHL,"Z. Josh Huang, Partha P. Mitra",1-U19-MH114821-01,U19 Huang,BIL,https://download.brainimagelibrary.org/7c/e4/7ce41c7ea39b474c/191108_JH_HK0234_FoxP2_MOs_RFA_male_processed,10,M,https://brainviewer.org:3010/HUA_U19_191108,2.8,1,1.5, AAV8-CAG-FLEX-GFP
191109_JH_HK0235_FoxP2_MOp_CFA_male,mouse,NCBI:txid10090,Foxp2Cre,Projection,STPT,MOp,CSHL,"Z. Josh Huang, Partha P. Mitra",1-U19-MH114821-01,U19 Huang,BIL,https://download.brainimagelibrary.org/89/51/8951a41ba59c26d2/191109_JH_HK0235_FoxP2_MOp_CFA_male_processed,10,M,https://brainviewer.org:3010/HUA_U19_191109,,,,
191111_JH_HK0236_PlexinD1LSLflp_VISa_parietal_female,mouse,NCBI:txid10090,PlexinD1CreER;lslFlp,Projection,STPT,PTLp,CSHL,"Z. Josh Huang, Partha P. Mitra",1-U19-MH114821-01,U19 Huang,BIL,https://download.brainimagelibrary.org/be/ab/beabe9bdadb6a9d8/191111_JH_HK0236_PlexinD1LSLflp_VISa_parietal_female_processed,9,F,https://brainviewer.org:3010/HUA_U19_191111,-2.1,1.5,1, AAV2/8-Cag-fDIO TVAeGFP
191113_JH_HK0237_Tle4LSLflp_VISa_parietal_male,mouse,NCBI:txid10090,Tle4CreER;lslFlp,Projection,STPT,PTLp,CSHL,"Z. Josh Huang, Partha P. Mitra",1-U19-MH114821-01,U19 Huang,BIL,,9,M,https://brainviewer.org:3010/HUA_U19_191113,-2.1,1.5,1, AAV2/8-Cag-fDIO TVAeGFP
191115_JH_HK0238_Fezf2LSLflp_VISa_parietal_male,mouse,NCBI:txid10090,Fezf2CreER;lslFlp,Projection,STPT,PTLp,CSHL,"Z. Josh Huang, Partha P. Mitra",1-U19-MH114821-01,U19 Huang,BIL,,8,M,https://brainviewer.org:3010/HUA_U19_191115,-2,1.25,1, AAV2/8-Cag-fDIO TVAeGFP
191117_JH_HK0239_PlexinD1LSLflp_VISa_parietal_male,mouse,NCBI:txid10090,PlexinD1CreER;lslFlp,Projection,STPT,PTLp,CSHL,"Z. Josh Huang, Partha P. Mitra",1-U19-MH114821-01,U19 Huang,BIL,https://download.brainimagelibrary.org/a1/66/a1661a3098ffe83a/191117_JH_HK0239_PlexinD1LSLflp_VISa_parietal_male_processed,9,M,https://brainviewer.org:3010/HUA_U19_191117,-2,1.25,1, AAV2/8-Cag-fDIO TVAeGFP
191118_JH_HK0240_Tle4LSLflp_VISa_parietal_female,mouse,NCBI:txid10090,Tle4CreER;lslFlp,Projection,STPT,VISa,CSHL,"Z. Josh Huang, Partha P. Mitra",1-U19-MH114821-01,U19 Huang,BIL,https://download.brainimagelibrary.org/92/1b/921ba5348a0967a4/191118_JH_HK0240_Tle4LSLflp_VISa_parietal_female_processed,10,F,https://brainviewer.org:3010/HUA_U19_191118,,,,
191119_JH_HK0241_FoxP2_VISa_parietal_male,mouse,NCBI:txid10090,Foxp2Cre,Projection,STPT,PTLp,CSHL,"Z. Josh Huang, Partha P. Mitra",1-U19-MH114821-01,U19 Huang,BIL,https://download.brainimagelibrary.org/29/ab/29abdf9622add58c/191119_JH_HK0241_FoxP2_VISa_parietal_male_processed,12,M,https://brainviewer.org:3010/HUA_U19_191119,-2.1,1.5,1, AAV2/8-Cag-fDIO TVAeGFP
191120_JH_HK0243_FezF2LSLflp_ENTl_entorhinal_female,mouse,NCBI:txid10090,Fezf2CreER;lslFlp,Projection,STPT,TEa,CSHL,"Z. Josh Huang, Partha P. Mitra",1-U19-MH114821-01,U19 Huang,BIL,https://download.brainimagelibrary.org/60/31/6031c85e9241968e/191120_JH_HK0243_FezF2LSLflp_ENTl_entorhinal_female_processed,8,F,https://brainviewer.org:3010/HUA_U19_191120,-2.3,4.5,3.5, AAV2/8-Cag-fDIO TVAeGFP
191121_JH_HK0244_Tle4LSLflp_MOp_RFO_female,mouse,NCBI:txid10090,Tle4CreER;lslFlp,Projection,STPT,SSp-m,CSHL,"Z. Josh Huang, Partha P. Mitra",1-U19-MH114821-01,U19 Huang,BIL,https://download.brainimagelibrary.org/a2/e3/a2e3e393dc4fc579/191121_JH_HK0244_Tle4LSLflp_MOp_RFO_female_processed,11,F,https://brainviewer.org:3010/HUA_U19_191121,0.5,3.5,2.5, AAV2/8-Cag-fDIO TVAeGFP
191204_JH_HK_Tle4LSLflp_SSp_CFO_female,mouse,NCBI:txid10090,Tle4CreER;lslFlp,Projection,STPT,SSp,CSHL,"Z. Josh Huang, Partha P. Mitra",1-U19-MH114821-01,U19 Huang,BIL,,11,F,https://brainviewer.org:3010/HUA_U19_191204,,,,
191206_JH_HK0246_Tle4LSLflp_MOs_RFA_male,mouse,NCBI:txid10090,Tle4CreER;lslFlp,Projection,STPT,MOs,CSHL,"Z. Josh Huang, Partha P. Mitra",1-U19-MH114821-01,U19 Huang,BIL,https://download.brainimagelibrary.org/ff/f2/fff264382a0b61b4/191206_JH_HK0246_Tle4LSLflp_MOs_RFA_male_processed,11,M,https://brainviewer.org:3010/HUA_U19_191206,,,,
191209_JH_KM_FoxP2-ires-cre_CFA_male2_processed,mouse,NCBI:txid10090,Foxp2Cre,Projection,STPT,MOp,CSHL,"Z. Josh Huang, Partha P. Mitra",1-U19-MH114821-01,U19 Huang,BIL,https://download.brainimagelibrary.org/81/bc/81bcaddee6e8ac06/191209_JH_KM_FoxP2-ires-cre_CFA_male2_processed/,11,M,https://brainviewer.org:3010/HUA_U19_191209,0,1.2,1.5, AAV8-CAG-FLEX-GFP
191216_JH_HK0247_Tle4LSLflp_MOp_CFA_male_,mouse,NCBI:txid10090,Tle4CreER;lslFlp,Projection,STPT,MOp,CSHL,"Z. Josh Huang, Partha P. Mitra",1-U19-MH114821-01,U19 Huang,BIL,,11,M,https://brainviewer.org:3010/HUA_U19_191216,0.5,1.6,1.5, AAV2/8-Cag-fDIO TVAeGFP
191218_JH_HK0248_Fezf2LSLflp_ACAv_cingulate_male,mouse,NCBI:txid10090,Fezf2CreER;lslFlp,Projection,STPT,,CSHL,"Z. Josh Huang, Partha P. Mitra",1-U19-MH114821-01,U19 Huang,BIL,,10,M,https://brainviewer.org:3010/HUA_U19_191218,,,,
200103_JH_HK0249_FezF2LSLflp_RSPv_retrosplenial_male,mouse,NCBI:txid10090,Fezf2CreER;lslFlp,Projection,STPT,RSPv,CSHL,"Z. Josh Huang, Partha P. Mitra",1-U19-MH114821-01,U19 Huang,BIL,https://download.brainimagelibrary.org/a4/9b/a49b470d97307c92/,10,M,https://brainviewer.org:3010/HUA_U19_200103,-2.6,0.6,1.5, AAV2/8-Cag-fDIO TVAeGFP
200107_JH_HK0250_PlexinD1LSLflp_ACAv_cingulate_female,mouse,NCBI:txid10090,PlexinD1CreER;lslFlp,Projection,STPT,ACAv,CSHL,"Z. Josh Huang, Partha P. Mitra",1-U19-MH114821-01,U19 Huang,BIL,https://download.brainimagelibrary.org/84/0c/840c424099bdc399/,12,F,https://brainviewer.org:3010/HUA_U19_200107,0,0.6,1.75, AAV2/8-Cag-fDIO TVAeGFP
200109_JH_HK0251_FezF2LSLflp_PL_male,mouse,NCBI:txid10090,Fezf2CreER;lslFlp,Projection,STPT,SSp-bfd,CSHL,"Z. Josh Huang, Partha P. Mitra",1-U19-MH114821-01,U19 Huang,BIL,,10,M,https://brainviewer.org:3010/HUA_U19_200109,-1.4,3.5,1.5, AAV2/8-Cag-fDIO TVAeGFP
200110_JH_HK0252_FezF2LSLflp_VISa_parietal_male,mouse,NCBI:txid10090,Fezf2CreER;lslFlp,Projection,STPT,,CSHL,"Z. Josh Huang, Partha P. Mitra",1-U19-MH114821-01,U19 Huang,BIL,,11,M,https://brainviewer.org:3010/HUA_U19_200110,,,,
200113_JH_HK0253_FezF2LSLflp_VISa_parietal_male,mouse,NCBI:txid10090,Fezf2CreER;lslFlp,Projection,STPT,,CSHL,"Z. Josh Huang, Partha P. Mitra",1-U19-MH114821-01,U19 Huang,BIL,,11,M,https://brainviewer.org:3010/HUA_U19_200113,,,,
200114_JH_HK0254_FezF2LSLflp_SSp_S1whisker_female,mouse,NCBI:txid10090,Fezf2CreER;lslFlp,Projection,STPT,SSp-bfd,CSHL,"Z. Josh Huang, Partha P. Mitra",1-U19-MH114821-01,U19 Huang,BIL,,12,F,https://brainviewer.org:3010/HUA_U19_200114,-1.6,3.5,1, AAV2/8-Cag-fDIO TVAeGFP
200122_JH_HK0264_FezF2LSLflp_VISa_parietal_female,mouse,NCBI:txid10090,Fezf2CreER;lslFlp,Projection,STPT,,CSHL,"Z. Josh Huang, Partha P. Mitra",1-U19-MH114821-01,U19 Huang,BIL,,8,F,https://brainviewer.org:3010/HUA_U19_200122,,,,
200128_JH_HK0257_Tle4LSLflp_RSPv_retrosplenial_male,mouse,NCBI:txid10090,Tle4CreER;lslFlp,Projection,STPT,,CSHL,"Z. Josh Huang, Partha P. Mitra",1-U19-MH114821-01,U19 Huang,BIL,,8,M,https://brainviewer.org:3010/HUA_U19_200128,,,,
200130_JH_HK0258_Tle4LSLflp_ACAv_cingulate_male,mouse,NCBI:txid10090,Tle4CreER;lslFlp,Projection,STPT,,CSHL,"Z. Josh Huang, Partha P. Mitra",1-U19-MH114821-01,U19 Huang,BIL,,7,M,https://brainviewer.org:3010/HUA_U19_200130,,,,
200131_JH_HK0259_Tle4LSLflp_MOp_M1whisker_male,mouse,NCBI:txid10090,Tle4CreER;lslFlp,Projection,STPT,,CSHL,"Z. Josh Huang, Partha P. Mitra",1-U19-MH114821-01,U19 Huang,BIL,,7,M,https://brainviewer.org:3010/HUA_U19_200131,,,,
200205_JH_HK0260_FoxP2_ACA_cingulate_male,mouse,NCBI:txid10090,Foxp2Cre,Projection,STPT,,CSHL,"Z. Josh Huang, Partha P. Mitra",1-U19-MH114821-01,U19 Huang,BIL,,9,M,https://brainviewer.org:3010/HUA_U19_200205,,,,
200206_JH_HK0261_FoxP2_VLO_ORBl_male,mouse,NCBI:txid10090,Foxp2Cre,Projection,STPT,,CSHL,"Z. Josh Huang, Partha P. Mitra",1-U19-MH114821-01,U19 Huang,BIL,,9,M,https://brainviewer.org:3010/HUA_U19_200206,,,,
200211_JH_HK0262_FoxP2_PL_female,mouse,NCBI:txid10090,Foxp2Cre,Projection,STPT,,CSHL,"Z. Josh Huang, Partha P. Mitra",1-U19-MH114821-01,U19 Huang,BIL,,10,F,https://brainviewer.org:3010/HUA_U19_200211,,,,
200220_JH_HK0268_PlexinD1LSLflp_MOs_RFA_female,mouse,NCBI:txid10090,PlexinD1CreER;lslFlp,Projection,STPT,,CSHL,"Z. Josh Huang, Partha P. Mitra",1-U19-MH114821-01,U19 Huang,BIL,,9,F,https://brainviewer.org:3010/HUA_U19_200220,,,,
200221_JH_HK0269_PlexinD1LSLflp_MOp_CFA_female,mouse,NCBI:txid10090,PlexinD1CreER;lslFlp,Projection,STPT,,CSHL,"Z. Josh Huang, Partha P. Mitra",1-U19-MH114821-01,U19 Huang,BIL,,9,F,https://brainviewer.org:3010/HUA_U19_200221,,,,
200227_JH_HK0270_FezF2LSLflp_AUDp_A1_female,mouse,NCBI:txid10090,Fezf2CreER;lslFlp,Projection,STPT,,CSHL,"Z. Josh Huang, Partha P. Mitra",1-U19-MH114821-01,U19 Huang,BIL,,10,F,https://brainviewer.org:3010/HUA_U19_200227,,,,
200228_JH_HK0271_FezF2LSLflp_TEa_female,mouse,NCBI:txid10090,Fezf2CreER;lslFlp,Projection,STPT,,CSHL,"Z. Josh Huang, Partha P. Mitra",1-U19-MH114821-01,U19 Huang,BIL,,11,F,https://brainviewer.org:3010/HUA_U19_200228,,,,
200302_JH_HK0272_PlexinD1LSLflp_SSp_S1whisker_female,mouse,NCBI:txid10090,PlexinD1CreER;lslFlp,Projection,STPT,SSp-bfd,CSHL,"Z. Josh Huang, Partha P. Mitra",1-U19-MH114821-01,U19 Huang,BIL,,10,F,https://brainviewer.org:3010/HUA_U19_200302,-1.7,3.5,1, AAV2/8-Cag-fDIO TVAeGFP
200304_JH_HK0274_PlexinD1LSLflp_MOp_M1hindlimb_female,mouse,NCBI:txid10090,PlexinD1CreER;lslFlp,Projection,STPT,,CSHL,"Z. Josh Huang, Partha P. Mitra",1-U19-MH114821-01,U19 Huang,BIL,,10,F,https://brainviewer.org:3010/HUA_U19_200304,,,,
200306_JH_HK0275_PlexinD1LSLflp_VISp_V1_female,mouse,NCBI:txid10090,PlexinD1CreER;lslFlp,Projection,STPT,,CSHL,"Z. Josh Huang, Partha P. Mitra",1-U19-MH114821-01,U19 Huang,BIL,,10,F,https://brainviewer.org:3010/HUA_U19_200306,,,,
200309_JH_HK0276_PlexinD1LSLflp_VISa_parietal_male,mouse,NCBI:txid10090,PlexinD1CreER;lslFlp,Projection,STPT,,CSHL,"Z. Josh Huang, Partha P. Mitra",1-U19-MH114821-01,U19 Huang,BIL,,11,M,https://brainviewer.org:3010/HUA_U19_200309,,,,
200312_JH_HK0278_PlexinD1LSLflp_SSp_S1_male,mouse,NCBI:txid10090,PlexinD1CreER;lslFlp,Projection,STPT,,CSHL,"Z. Josh Huang, Partha P. Mitra",1-U19-MH114821-01,U19 Huang,BIL,,13,M,https://brainviewer.org:3010/HUA_U19_200312,,,,
200313_JH_HK0279_PlexinD1LSLflp_MOp_jaw_male,mouse,NCBI:txid10090,PlexinD1CreER;lslFlp,Projection,STPT,,CSHL,"Z. Josh Huang, Partha P. Mitra",1-U19-MH114821-01,U19 Huang,BIL,,13,M,https://brainviewer.org:3010/HUA_U19_200313,,,,
200316_JH_HK0280_PlexinD1LSLflp_ILA_IL_female,mouse,NCBI:txid10090,PlexinD1CreER;lslFlp,Projection,STPT,,CSHL,"Z. Josh Huang, Partha P. Mitra",1-U19-MH114821-01,U19 Huang,BIL,,14,F,https://brainviewer.org:3010/HUA_U19_200316,,,,
200626_JH_HK0282_PlexinD1LSLflp_VISpor_postrhinal_male,mouse,NCBI:txid10090,PlexinD1CreER;lslFlp,Projection,STPT,,CSHL,"Z. Josh Huang, Partha P. Mitra",1-U19-MH114821-01,U19 Huang,BIL,,14,M,https://brainviewer.org:3010/HUA_U19_200626,,,,
200630_JH_HK0284_PlexinD1LSLflp_PERI_perirhinal_male,mouse,NCBI:txid10090,PlexinD1CreER;lslFlp,Projection,STPT,,CSHL,"Z. Josh Huang, Partha P. Mitra",1-U19-MH114821-01,U19 Huang,BIL,,14,M,https://brainviewer.org:3010/HUA_U19_200630,,,,
200706_JH_KM_Tbr1creER-AiFlpO_LSL-Tbr1_S1_female,mouse,NCBI:txid10090,Tbr1CreER;lslFlp,Projection,STPT,Ssp-bfd,CSHL,"Z. Josh Huang, Partha P. Mitra",1-U19-MH114821-01,U19 Huang,BIL,,,F,https://brainviewer.org:3010/HUA_U19_200706,-1.6,3.4,1, AAV2/8-Cag-fDIO TVAeGFP
200709_JH_KM_TcergLSLflp_TMXp31_male61,mouse,NCBI:txid10090,Tcerg1l-CreER;lslFlp,Projection,STPT,Ssp-bfd,CSHL,"Z. Josh Huang, Partha P. Mitra",1-U19-MH114821-01,U19 Huang,BIL,,8,M,https://brainviewer.org:3010/HUA_U19_200709,-1.6,3.5,1, AAV2/8-Cag-fDIO TVAeGFP
200710_JH_HK0285_PlexinD1LSLflp_PERI_perirhinal_male,mouse,NCBI:txid10090,PlexinD1CreER;lslFlp,Projection,STPT,Perirhinal cortex,CSHL,"Z. Josh Huang, Partha P. Mitra",1-U19-MH114821-01,U19 Huang,BIL,,14,M,https://brainviewer.org:3010/HUA_U19_200710,,,,
200715_JH_HK0318_PlexinD1LSLflp_TEa_female,mouse,NCBI:txid10090,PlexinD1CreER;lslFlp,Projection,STPT,TEa,CSHL,"Z. Josh Huang, Partha P. Mitra",1-U19-MH114821-01,U19 Huang,BIL,,13,F,https://brainviewer.org:3010/HUA_U19_200715,,,,
201002_JH_HK0286_FezF2LSLflp_ILA_IL_male,mouse,NCBI:txid10090,Fezf2CreER;lslFlp,Projection,STPT,ILA,CSHL,"Z. Josh Huang, Partha P. Mitra",1-U19-MH114821-01,U19 Huang,BIL,,15,M,https://brainviewer.org:3010/HUA_U19_201002,,,,
201005_JH_HK0287_Fezf2LSLflp_A1_AUDp_male_,mouse,NCBI:txid10090,Fezf2CreER;lslFlp,Projection,STPT,A1,CSHL,"Z. Josh Huang, Partha P. Mitra",1-U19-MH114821-01,U19 Huang,BIL,,15,M,https://brainviewer.org:3010/HUA_U19_201005,,,,
201007_JH_HK0289_Tle4LSLflp_SUB_hippocampus_male_,mouse,NCBI:txid10090,Tle4CreER;lslFlp,Projection,STPT,Hippocampus,CSHL,"Z. Josh Huang, Partha P. Mitra",1-U19-MH114821-01,U19 Huang,BIL,,12,M,https://brainviewer.org:3010/HUA_U19_201007,,,,
201008_JH_HK0290_FoxP2cre_VISp_V1_female,mouse,NCBI:txid10090,Foxp2Cre,Projection,STPT,V1,CSHL,"Z. Josh Huang, Partha P. Mitra",1-U19-MH114821-01,U19 Huang,BIL,,13,F,https://brainviewer.org:3010/HUA_U19_201008,,,,
201013_JH_HK0291_FoxP2cre_AUDp_A1_female,mouse,NCBI:txid10090,Foxp2Cre,Projection,STPT,A1,CSHL,"Z. Josh Huang, Partha P. Mitra",1-U19-MH114821-01,U19 Huang,BIL,,13,F,https://brainviewer.org:3010/HUA_U19_201013,,,,
201014_JH_HK0292_PlexinD1LSLflp_MOp_FRH_female,mouse,NCBI:txid10090,PlexinD1CreER;lslFlp,Projection,STPT,FRH,CSHL,"Z. Josh Huang, Partha P. Mitra",1-U19-MH114821-01,U19 Huang,BIL,,10,F,https://brainviewer.org:3010/HUA_U19_201014,,,,
201016_JH_HK0294_PlexinD1LSLflp_SSp_S1_female,mouse,NCBI:txid10090,PlexinD1CreER;lslFlp,Projection,STPT,S1,CSHL,"Z. Josh Huang, Partha P. Mitra",1-U19-MH114821-01,U19 Huang,BIL,,11,F,https://brainviewer.org:3010/HUA_U19_201016,,,,
201020_JH_KM_Cux1CreERxAiFlp_male,mouse,NCBI:txid10090,,Projection,STPT,Ssp-bfd,CSHL,"Z. Josh Huang, Partha P. Mitra",1-U19-MH114821-01,U19 Huang,BIL,,,M,https://brainviewer.org:3010/HUA_U19_201020,-1.6,3.4,1, AAV2/8-Cag-fDIO TVAeGFP
201022_JH_HK0295_PlexinD1LSLflp_MOp_jaw_female,mouse,NCBI:txid10090,PlexinD1CreER;lslFlp,Projection,STPT,Jaw,CSHL,"Z. Josh Huang, Partha P. Mitra",1-U19-MH114821-01,U19 Huang,BIL,,11,F,https://brainviewer.org:3010/HUA_U19_201022,,,,
201023_JH_KM_Cux1CreERxAiFlp_male,mouse,NCBI:txid10090,,Projection,STPT,Ssp-bfd,CSHL,"Z. Josh Huang, Partha P. Mitra",1-U19-MH114821-01,U19 Huang,BIL,,,M,https://brainviewer.org:3010/HUA_U19_201023,-1.6,3.4,1, AAV2/8-Cag-fDIO TVAeGFP
201026_JH_KM_Cux1CreERxAiFlp_female,mouse,NCBI:txid10090,,Projection,STPT,Ssp-bfd,CSHL,"Z. Josh Huang, Partha P. Mitra",1-U19-MH114821-01,U19 Huang,BIL,,,F,https://brainviewer.org:3010/HUA_U19_201026,-1.7,3.4,1, AAV2/8-Cag-fDIO TVAeGFP
201027_JH_KM_Cux1CreERxAiFlp_female,mouse,NCBI:txid10090,,Projection,STPT,Ssp-bfd,CSHL,"Z. Josh Huang, Partha P. Mitra",1-U19-MH114821-01,U19 Huang,BIL,,,F,https://brainviewer.org:3010/HUA_U19_201027,-1.6,3.4,1, AAV2/8-Cag-fDIO TVAeGFP
201028_JH_HK0296_PlexinD1LSLflp_MOs_M2_female,mouse,NCBI:txid10090,PlexinD1CreER;lslFlp,Projection,STPT,M2,CSHL,"Z. Josh Huang, Partha P. Mitra",1-U19-MH114821-01,U19 Huang,BIL,,11,F,https://brainviewer.org:3010/HUA_U19_201028,,,,
201029_JH_HK0297_FoxP2cre_SSs_S2_male,mouse,NCBI:txid10090,PlexinD1CreER;lslFlp,Projection,STPT,SSs,CSHL,"Z. Josh Huang, Partha P. Mitra",1-U19-MH114821-01,U19 Huang,BIL,,11,M,https://brainviewer.org:3010/HUA_U19_201029,,,,
201102_JH_HK0298_FoxP2cre_MOs_M2_male,mouse,NCBI:txid10090,Foxp2Cre,Projection,STPT,M2 (ALM),CSHL,"Z. Josh Huang, Partha P. Mitra",1-U19-MH114821-01,U19 Huang,BIL,,8,M,https://brainviewer.org:3010/HUA_U19_201102,,,,
201104_JH_HK0300_Tle4creLSLflp_SSp_S1whisker_female_,mouse,NCBI:txid10090,Tle4CreER;lslFlp,Projection,STPT,S1 (whisker),CSHL,"Z. Josh Huang, Partha P. Mitra",1-U19-MH114821-01,U19 Huang,BIL,,14,F,https://brainviewer.org:3010/HUA_U19_201104,,,,
201109_JH_HK0302_FezF2LSLflp_SUB_hippocampus_female,mouse,NCBI:txid10090,Fezf2CreER;lslFlp,Projection,STPT,Hippocampus,CSHL,"Z. Josh Huang, Partha P. Mitra",1-U19-MH114821-01,U19 Huang,BIL,,7,F,https://brainviewer.org:3010/HUA_U19_201109,,,,
201110_JH_KM_Tbr1creERLSLflp_tvaEGFP_SSp_TMp7_femaleshort,mouse,NCBI:txid10090,,Projection,STPT,Ssp-bfd,CSHL,"Z. Josh Huang, Partha P. Mitra",1-U19-MH114821-01,U19 Huang,BIL,,,F,https://brainviewer.org:3010/HUA_U19_201110,-1.7,3.4,1, AAV2/8-Cag-fDIO TVAeGFP
210112_JH_HK0303_FezF2creERLSLflp_SSp_S1_female,mouse,NCBI:txid10090,Fezf2CreER;lslFlp,Projection,STPT,,CSHL,"Z. Josh Huang, Partha P. Mitra",1-U19-MH114821-01,U19 Huang,BIL,,7,F,https://brainviewer.org:3010/HUA_U19_210112,,,,
210119_JH_KM_Tbr1creerLSLflp_tvaEGFP_SSP_TMp7,mouse,NCBI:txid10090,,Projection,STPT,SSp-bfd,CSHL,"Z. Josh Huang, Partha P. Mitra",1-U19-MH114821-01,U19 Huang,BIL,,,M,https://brainviewer.org:3010/HUA_U19_210119,-1.6,3.4,1, AAV2/8-Cag-fDIO TVAeGFP
210127_JH_HK304_Tle4creLSLflp_AId_insula_female,mouse,NCBI:txid10090,Tle4CreER;lslFlp,Projection,STPT,Insula,CSHL,"Z. Josh Huang, Partha P. Mitra",1-U19-MH114821-01,U19 Huang,BIL,,8,F,https://brainviewer.org:3010/HUA_U19_210127,,,,
210129_JH_HK0306_PlexinD1creLSLflp_ACAv_cingulate_male,mouse,NCBI:txid10090,PlexinD1CreER;lslFlp,Projection,STPT,Cingulate,CSHL,"Z. Josh Huang, Partha P. Mitra",1-U19-MH114821-01,U19 Huang,BIL,,8,M,https://brainviewer.org:3010/HUA_U19_210129,,,,
210202_JH_HK0307_PlexinD1creLSLflp_AUDp_A1_male,mouse,NCBI:txid10090,PlexinD1CreER;lslFlp,Projection,STPT,A1,CSHL,"Z. Josh Huang, Partha P. Mitra",1-U19-MH114821-01,U19 Huang,BIL,,8,M,https://brainviewer.org:3010/HUA_U19_210202,,,,
210203_JH_GK01_Tbr2cre_PlexinD1Flp_tvaEGFP_MOp_E17,mouse,NCBI:txid10090,Tbr2CreER ; PlexinD1Flp ; dtTA,Projection,STPT,MOp,CSHL,"Z. Josh Huang, Partha P. Mitra",1-U19-MH114821-01,U19 Huang,BIL,,,F,https://brainviewer.org:3010/HUA_U19_210203,0,2.4,0.3, AAV2/8-Cag-fDIO TVAeGFP
210204_JH_HK0308_PlexinD1LSLflp_VLSl_V2L_male,mouse,NCBI:txid10090,PlexinD1CreER;lslFlp,Projection,STPT,V2L,CSHL,"Z. Josh Huang, Partha P. Mitra",1-U19-MH114821-01,U19 Huang,BIL,,8,M,https://brainviewer.org:3010/HUA_U19_210204,,,,
210211_JH_GK03_Tbr2cre_PlexinD1Flp_tvaEGFP_MOp_E17,mouse,NCBI:txid10090,Tbr2CreER ; PlexinD1Flp ; dtTA,Projection,STPT,MOp,CSHL,"Z. Josh Huang, Partha P. Mitra",1-U19-MH114821-01,U19 Huang,BIL,,,F,https://brainviewer.org:3010/HUA_U19_210211,0,2.4,0.3, AAV2/8-Cag-fDIO TVAeGFP
210216_JH_GK11_Tbr2cre_PlexinD1Flp_tvaEGFP_MOp_E13,mouse,NCBI:txid10090,Tbr2CreER ; PlexinD1Flp ; dtTA,Projection,STPT,MOp,CSHL,"Z. Josh Huang, Partha P. Mitra",1-U19-MH114821-01,U19 Huang,BIL,,,,https://brainviewer.org:3010/HUA_U19_210216,0.3,2.4,0.3, AAV2/8-Cag-fDIO TVAeGFP
210222_JH_GK12_Tbr2cre_PlexinD1Flp_tvaEGFP_MOp_E13,mouse,NCBI:txid10090,Tbr2CreER ; PlexinD1Flp ; dtTA,Projection,STPT,MOs,CSHL,"Z. Josh Huang, Partha P. Mitra",1-U19-MH114821-01,U19 Huang,BIL,,,,https://brainviewer.org:3010/HUA_U19_210222,0.3,1.4,0.3, AAV2/8-Cag-fDIO TVAeGFP
210301_JH_GK05_Tbr2Cre_PlexinD1Flp_tvaEGFP_MOp_E17,mouse,NCBI:txid10090,Tbr2CreER ; PlexinD1Flp ; dtTA,Projection,STPT,MOp,CSHL,"Z. Josh Huang, Partha P. Mitra",1-U19-MH114821-01,U19 Huang,BIL,,,M,https://brainviewer.org:3010/HUA_U19_210301,0,2.4,0.3, AAV2/8-Cag-fDIO TVAeGFP
210302_JH_GK13_Tbr2Cre_PlexinD1Flp_dtTA_tvaEGFP_MOp_E13,mouse,NCBI:txid10090,Tbr2CreER ; PlexinD1Flp ; dtTA,Projection,STPT,MOp,CSHL,"Z. Josh Huang, Partha P. Mitra",1-U19-MH114821-01,U19 Huang,BIL,,,,https://brainviewer.org:3010/HUA_U19_210302,0.1,2.4,0.3, AAV2/8-Cag-fDIO TVAeGFP