Case ID,Species,NCBI Taxonomy,GenoType,Modality,Technique,Anatomical Region,Organization,Investigator,Grant Number,Project,R24 Name,R24 Link,Age,Sex,Viewer Link
160611_KM_PlexinAi14_male72,mouse,NCBI:txid10090,PlexinD1CreER;Ai14,Distribution,STPT,Whole brain,CSHL,"Z. Josh Huang, Partha P. Mitra",1-U19-MH114821-01,U19 Huang,BIL,https://download.brainimagelibrary.org/69/7a/697a07d24603a697/160611_KM_PlexinAi14_male72_processed/,,M,https://brainviewer.org:3010/HUA_U19_160611
160813_KM_Sema3EAi14,mouse,NCBI:txid10090,Sema3eAi14,Distribution,STPT,Whole brain,CSHL,"Z. Josh Huang, Partha P. Mitra",1-U19-MH114821-01,U19 Huang,BIL,https://download.brainimagelibrary.org/69/7a/697a07d24603a697/160813_KM_Sema3EAi14_processed/,,,https://brainviewer.org:3010/HUA_U19_160813
160818_KM_Sema3EAi14,mouse,NCBI:txid10090,Sema3eAi14,Distribution,STPT,N/A,CSHL,"Z. Josh Huang, Partha P. Mitra",1-U19-MH114821-01,U19 Huang,BIL,,,,https://brainviewer.org:3010/HUA_U19_160818
160820_KM_AdcyapAi14_mal,mouse,NCBI:txid10090,AdcyapAi14,Distribution,STPT,N/A,CSHL,"Z. Josh Huang, Partha P. Mitra",1-U19-MH114821-01,U19 Huang,BIL,,,M,https://brainviewer.org:3010/HUA_U19_160820
160825_KM_TcergAi14,mouse,NCBI:txid10090,TcergCreER;Ai14,Distribution,STPT,N/A,CSHL,"Z. Josh Huang, Partha P. Mitra",1-U19-MH114821-01,U19 Huang,BIL,,,,https://brainviewer.org:3010/HUA_U19_160825
160827_KM_TcergAi14,mouse,NCBI:txid10090,TcergAi14,Distribution,STPT,N/A,CSHL,"Z. Josh Huang, Partha P. Mitra",1-U19-MH114821-01,U19 Huang,BIL,,,N/A,https://brainviewer.org:3010/HUA_U19_160827
160908_KM_Tle4Ai14male2mo,mouse,NCBI:txid10090,Tle4CreER;Ai14,Distribution,STPT,Whole brain,CSHL,"Z. Josh Huang, Partha P. Mitra",1-U19-MH114821-01,U19 Huang,BIL,https://download.brainimagelibrary.org/69/7a/697a07d24603a697/160908_KM_Tle4Ai14male2mo_processed/,8,M,https://brainviewer.org:3010/HUA_U19_160908
160909_KM_Tle4Ai14male2mo,mouse,NCBI:txid10090,Tle4Ai14,Distribution,STPT,N/A,CSHL,"Z. Josh Huang, Partha P. Mitra",1-U19-MH114821-01,U19 Huang,BIL,,,M,https://brainviewer.org:3010/HUA_U19_160909
160911_KM_Tle4Ai14female2mo,mouse,NCBI:txid10090,Tle4CreER;Ai14,Distribution,STPT,N/A,CSHL,"Z. Josh Huang, Partha P. Mitra",1-U19-MH114821-01,U19 Huang,BIL,,,F,https://brainviewer.org:3010/HUA_U19_160911
161002_KM_AdcyapAi14_male,mouse,NCBI:txid10090,Adcyap;Ai14,Distribution,STPT,N/A,CSHL,"Z. Josh Huang, Partha P. Mitra",1-U19-MH114821-01,U19 Huang,BIL,,,M,https://brainviewer.org:3010/HUA_U19_161002
161007_KM_TcergAi14_male,mouse,NCBI:txid10090,TcergCreER;Ai14,Distribution,STPT,,CSHL,"Z. Josh Huang, Partha P. Mitra",1-U19-MH114821-01,U19 Huang,BIL,https://download.brainimagelibrary.org/48/8f/488f0cbd3de76a4a/level_1/161007_KM_TcergAi14_male_processed,,M,https://brainviewer.org:3010/HUA_U19_161007
161013_KM_TcergAi14_female,mouse,NCBI:txid10090,TcergCreER;Ai14,Distribution,STPT,,CSHL,"Z. Josh Huang, Partha P. Mitra",1-U19-MH114821-01,U19 Huang,BIL,,,F,https://brainviewer.org:3010/HUA_U19_161013
161027_KM_Adcyap1_Ai14_male,mouse,NCBI:txid10090,Adcyap;Ai14,Distribution,STPT,N/A,CSHL,"Z. Josh Huang, Partha P. Mitra",1-U19-MH114821-01,U19 Huang,BIL,,,M,https://brainviewer.org:3010/HUA_U19_161027
161104_KM_AdcyapAi14Female,mouse,NCBI:txid10090,Adcyap;Ai14,Distribution,STPT,N/A,CSHL,"Z. Josh Huang, Partha P. Mitra",1-U19-MH114821-01,U19 Huang,BIL,,,F,https://brainviewer.org:3010/HUA_U19_161104
170112_KM_Fezfh2bGFPfemale,mouse,NCBI:txid10090,Fezf2h2bGFP,Distribution,STPT,Whole brain,CSHL,"Z. Josh Huang, Partha P. Mitra",1-U19-MH114821-01,U19 Huang,BIL,https://download.brainimagelibrary.org/69/7a/697a07d24603a697/170112_KM_Fezfh2bGFPfemale_processed/,,F,https://brainviewer.org:3010/HUA_U19_170112
170114_KM_Fezfh2bgfpmale,mouse,NCBI:txid10090,Fezf2h2bGFP,Distribution,STPT,Whole brain,CSHL,"Z. Josh Huang, Partha P. Mitra",1-U19-MH114821-01,U19 Huang,BIL,https://download.brainimagelibrary.org/69/7a/697a07d24603a697/170114_KM_Fezfh2bgfpmale_processed/,,M,https://brainviewer.org:3010/HUA_U19_170114
170225_KM_FezfAi14female,mouse,NCBI:txid10090,Fezf2CreER;Ai14,Distribution,STPT,Whole brain,CSHL,"Z. Josh Huang, Partha P. Mitra",1-U19-MH114821-01,U19 Huang,BIL,https://download.brainimagelibrary.org/69/7a/697a07d24603a697/170225_KM_FezfAi14female_processed/,,F,https://brainviewer.org:3010/HUA_U19_170225
170504_KM_FezfAi14female,mouse,NCBI:txid10090,Fezf2CreER;Ai14,Distribution,STPT,Whole brain,CSHL,"Z. Josh Huang, Partha P. Mitra",1-U19-MH114821-01,U19 Huang,BIL,https://download.brainimagelibrary.org/69/7a/697a07d24603a697/170504_KM_FezfAi14female_processed/,,F,https://brainviewer.org:3010/HUA_U19_170504
170601PlexCreERAi14female,mouse,NCBI:txid10090,PlexinD1CreER;Ai14,Distribution,STPT,Whole brain,CSHL,"Z. Josh Huang, Partha P. Mitra",1-U19-MH114821-01,U19 Huang,BIL,https://download.brainimagelibrary.org/69/7a/697a07d24603a697/170601PlexCreERAi14female_processed/,,F,https://brainviewer.org:3010/HUA_U19_170601
170602PlexCreERAi14female,mouse,NCBI:txid10090,PlexinD1CreER;Ai14,Distribution,STPT,Whole brain,CSHL,"Z. Josh Huang, Partha P. Mitra",1-U19-MH114821-01,U19 Huang,BIL,https://download.brainimagelibrary.org/69/7a/697a07d24603a697/170602PlexCreERAi14female_processed/,,F,https://brainviewer.org:3010/HUA_U19_170602
170608_KM_FezfAi14_female,mouse,NCBI:txid10090,Fezf2Ai14,Distribution,STPT,Whole brain,CSHL,"Z. Josh Huang, Partha P. Mitra",1-U19-MH114821-01,U19 Huang,BIL,https://download.brainimagelibrary.org/69/7a/697a07d24603a697/170608_KM_FezfAi14_female_processed/,,F,https://brainviewer.org:3010/HUA_U19_170608
170622_KM_Fezfh2bGFPmale,mouse,NCBI:txid10090,Fezf2CreER;H2bGFP,Distribution,STPT,Whole brain,CSHL,"Z. Josh Huang, Partha P. Mitra",1-U19-MH114821-01,U19 Huang,BIL,https://download.brainimagelibrary.org/69/7a/697a07d24603a697/170622_KM_Fezfh2bGFPmale_processed/,,M,https://brainviewer.org:3010/HUA_U19_170622
170630_KM_fezh2bGFPfemale,mouse,NCBI:txid10090,Fezf2CreER;H2bGFP,Distribution,STPT,Whole brain,CSHL,"Z. Josh Huang, Partha P. Mitra",1-U19-MH114821-01,U19 Huang,BIL,https://download.brainimagelibrary.org/69/7a/697a07d24603a697/170630_KM_fezh2bGFPfemale_processed/,,F,https://brainviewer.org:3010/HUA_U19_170630
170706_KM_FezfAi14female,mouse,NCBI:txid10090,Fezf2Ai14,Distribution,STPT,Whole brain,CSHL,"Z. Josh Huang, Partha P. Mitra",1-U19-MH114821-01,U19 Huang,BIL,https://download.brainimagelibrary.org/69/7a/697a07d24603a697/170706_KM_FezfAi14female_processed/,,F,https://brainviewer.org:3010/HUA_U19_170706
170807_KM_PlexinSnapLSL-EGFPmale,mouse,NCBI:txid10090,PlexinD1CreERSnap;lslGFP,Distribution,STPT,Whole brain,CSHL,"Z. Josh Huang, Partha P. Mitra",1-U19-MH114821-01,U19 Huang,BIL,https://download.brainimagelibrary.org/69/7a/697a07d24603a697/170807_KM_PlexinSnapLSL-EGFPmale_processed/,,M,https://brainviewer.org:3010/HUA_U19_170807
170829_KM_Tle4_snap25EGFPrun2,mouse,NCBI:txid10090,Tle4CreER;Snap25GFP,Distribution,STPT,Whole brain,CSHL,"Z. Josh Huang, Partha P. Mitra",1-U19-MH114821-01,U19 Huang,BIL,https://download.brainimagelibrary.org/69/7a/697a07d24603a697/170829_KM_Tle4_snap25EGFPrun2_processed/,,,https://brainviewer.org:3010/HUA_U19_170829
171007_KM_Tle4Snap25egfpmale,mouse,NCBI:txid10090,Tle4CreER;Snap25eGFP,Distribution,STPT,Whole brain,CSHL,"Z. Josh Huang, Partha P. Mitra",1-U19-MH114821-01,U19 Huang,BIL,https://download.brainimagelibrary.org/69/7a/697a07d24603a697/171007_KM_Tle4Snap25egfpmale_processed/,,M,https://brainviewer.org:3010/HUA_U19_171007
171014_KM_Tcergh2bGFPfemale,mouse,NCBI:txid10090,TcergCreER;H2bGFP,Distribution,STPT,Whole brain,CSHL,"Z. Josh Huang, Partha P. Mitra",1-U19-MH114821-01,U19 Huang,BIL,https://download.brainimagelibrary.org/69/7a/697a07d24603a697/171014_KM_Tcergh2bGFPfemale_processed/,,F,https://brainviewer.org:3010/HUA_U19_171014
171015_KM_Tcergh2bGFPfemale,mouse,NCBI:txid10090,TcergCreER;H2bGFP,Distribution,STPT,Whole brain,CSHL,"Z. Josh Huang, Partha P. Mitra",1-U19-MH114821-01,U19 Huang,BIL,https://download.brainimagelibrary.org/69/7a/697a07d24603a697/171015_KM_Tcergh2bGFPfemale_processed/,,F,https://brainviewer.org:3010/HUA_U19_171015
171017_KM_Tcergh2bGFPfemale,mouse,NCBI:txid10090,TcergCreER;H2bGFP,Distribution,STPT,Whole brain,CSHL,"Z. Josh Huang, Partha P. Mitra",1-U19-MH114821-01,U19 Huang,BIL,https://download.brainimagelibrary.org/69/7a/697a07d24603a697/171017_KM_Tcergh2bGFPfemale_processed/,,F,https://brainviewer.org:3010/HUA_U19_171017
171020_KM_Tcergh2bGFPmale,mouse,NCBI:txid10090,TcergCreER;H2bGFP,Distribution,STPT,Whole brain,CSHL,"Z. Josh Huang, Partha P. Mitra",1-U19-MH114821-01,U19 Huang,BIL,https://download.brainimagelibrary.org/69/7a/697a07d24603a697/171020_KM_Tcergh2bGFPmale_processed/,,M,https://brainviewer.org:3010/HUA_U19_171020
171024_KM_Tcergh2bGFPfemale,mouse,NCBI:txid10090,TcergCreER;H2bGFP,Distribution,STPT,Whole brain,CSHL,"Z. Josh Huang, Partha P. Mitra",1-U19-MH114821-01,U19 Huang,BIL,https://download.brainimagelibrary.org/69/7a/697a07d24603a697/171024_KM_Tcergh2bGFPfemale_processed/,,F,https://brainviewer.org:3010/HUA_U19_171024
180308_KM_PlexSnapEGFPfemale,mouse,NCBI:txid10090,PlexinD1CreER;SnapeGFP,Distribution,STPT,Whole brain,CSHL,"Z. Josh Huang, Partha P. Mitra",1-U19-MH114821-01,U19 Huang,BIL,https://download.brainimagelibrary.org/69/7a/697a07d24603a697/180308_KM_PlexSnapEGFPfemale_processed/,,F,https://brainviewer.org:3010/HUA_U19_180308
180520_KM_AdcyapHGmale,mouse,NCBI:txid10090,Adcyap1CreER;LSL-h2b-GFP,Distribution,STPT,N/A,CSHL,"Z. Josh Huang, Partha P. Mitra",1-U19-MH114821-01,U19 Huang,BIL,,8,M,https://brainviewer.org:3010/HUA_U19_180520
180715_KM0001_AdcyapHGfemale,mouse,NCBI:txid10090,AdcyapCreER;H2bGFP,Distribution,STPT,Whole brain,CSHL,"Z. Josh Huang, Partha P. Mitra",1-U19-MH114821-01,U19 Huang,BIL,https://download.brainimagelibrary.org/69/7a/697a07d24603a697/180715_KM001_AdcyapHGfemale_processed/,20,F,https://brainviewer.org:3010/HUA_U19_180715
180813_JH_WG_PlexinSnapEGFP_male,mouse,NCBI:txid10090,PlexinD1CreER;SnapeGFP,Distribution,STPT,,CSHL,"Z. Josh Huang, Partha P. Mitra",1-U19-MH114821-01,U19 Huang,BIL,,,M,https://brainviewer.org:3010/HUA_U19_180813
180907_JH_KM0037_Adcyap_h2bGFP_female,mouse,NCBI:txid10090,Adcyap1CreER;h2bGFP,Distribution,STPT,,CSHL,"Z. Josh Huang, Partha P. Mitra",1-U19-MH114821-01,U19 Huang,BIL,https://download.brainimagelibrary.org/32/70/327001aaa83f9776/level_1/180907_JH_KM0037_Adcyap_h2bGFP_female_processed/,23,F,https://brainviewer.org:3010/HUA_U19_180907
180910_JH_KM0031_PlexinD1_SnapEGFP_male,mouse,NCBI:txid10090,PlexinD1CreER;SnapeGFP,Distribution,STPT,,CSHL,"Z. Josh Huang, Partha P. Mitra",1-U19-MH114821-01,U19 Huang,BIL,https://download.brainimagelibrary.org/37/4d/374d6d9c0db6f7ba/level_1/180910_JH_KM0031_PlexinD1_SnapEGFP_male_processed/,12,M,https://brainviewer.org:3010/HUA_U19_180910
180920_JH_KM0033_Plexind1_snapEGFP_female,mouse,NCBI:txid10090,PlexinD1CreER;SnapeGFP,Distribution,STPT,,CSHL,"Z. Josh Huang, Partha P. Mitra",1-U19-MH114821-01,U19 Huang,BIL,,9,F,https://brainviewer.org:3010/HUA_U19_180920
180921_JHKM0034_PlexinD1_snapEGFP_female,mouse,NCBI:txid10090,PlexinD1CreER;SnapeGFP,Distribution,STPT,,CSHL,"Z. Josh Huang, Partha P. Mitra",1-U19-MH114821-01,U19 Huang,BIL,,9,F,https://brainviewer.org:3010/HUA_U19_180921
180925_JH_KM0040Plexflp_emxCRE_h2bEGFP_female,mouse,NCBI:txid10090,PlexFlp;EmxCre;dualh2bGFP,Distribution,STPT,,CSHL,"Z. Josh Huang, Partha P. Mitra",1-U19-MH114821-01,U19 Huang,BIL,,,F,https://brainviewer.org:3010/HUA_U19_180925
181001_JH_KM0036_PlexinD1_snapEGFP_female,mouse,NCBI:txid10090,PlexinD1CreER;SnapeGFP,Distribution,STPT,,CSHL,"Z. Josh Huang, Partha P. Mitra",1-U19-MH114821-01,U19 Huang,BIL,,12,F,https://brainviewer.org:3010/HUA_U19_181001
190529_JH_Sema3EAi14_459_female,mouse,NCBI:txid10090,Sema3E;Ai14,Distribution,STPT,N/A,CSHL,"Z. Josh Huang, Partha P. Mitra",1-U19-MH114821-01,U19 Huang,BIL,,,F,https://brainviewer.org:3010/HUA_U19_190529
190530_JH_KM_451_PlexinD1_SnapEGFP_female,mouse,NCBI:txid10090,PlexinD1;Snap25EGFP,Distribution,STPT,N/A,CSHL,"Z. Josh Huang, Partha P. Mitra",1-U19-MH114821-01,U19 Huang,BIL,,,F,https://brainviewer.org:3010/HUA_U19_190530
190612_JH_KM_452_PlexinD1Snap25EGFP_female,mouse,NCBI:txid10090,PlexinD1;Snap25EGFP,Distribution,STPT,N/A,CSHL,"Z. Josh Huang, Partha P. Mitra",1-U19-MH114821-01,U19 Huang,BIL,,,F,https://brainviewer.org:3010/HUA_U19_190612
191003_JH_KM_FoxP2IresCre_TV_2_male,mouse,NCBI:txid10090,Foxp2Cre systemic AAV injection,Distribution,STPT,N/A,CSHL,"Z. Josh Huang, Partha P. Mitra",1-U19-MH114821-01,U19 Huang,BIL,,,M,https://brainviewer.org:3010/HUA_U19_191003
191004_JH_KM_FoxP2IresCre_TV_3_male,mouse,NCBI:txid10090,Foxp2Cre systemic AAV injection,Distribution,STPT,N/A,CSHL,"Z. Josh Huang, Partha P. Mitra",1-U19-MH114821-01,U19 Huang,BIL,,,M,https://brainviewer.org:3010/HUA_U19_191004
191210_JH_KM_Cux1Ai14_P14P21i_sacP30_male5,mouse,NCBI:txid10090,Cux1CreER;Ai14,Distribution,STPT,,CSHL,"Z. Josh Huang, Partha P. Mitra",1-U19-MH114821-01,U19 Huang,BIL,,4,M,https://brainviewer.org:3010/HUA_U19_191210
191213_JH_KM_Cux1Ai14_P14P21i_male4,mouse,NCBI:txid10090,Cux1CreER;Ai14,Distribution,STPT,,CSHL,"Z. Josh Huang, Partha P. Mitra",1-U19-MH114821-01,U19 Huang,BIL,,4,M,https://brainviewer.org:3010/HUA_U19_191213
200224_JH_KM_Tbr1CreER_Ai14_male,mouse,NCBI:txid10090,Tbr1CreER;Ai14,Distribution,STPT,,CSHL,"Z. Josh Huang, Partha P. Mitra",1-U19-MH114821-01,U19 Huang,BIL,,8,M,https://brainviewer.org:3010/HUA_U19_200224
210303_JH_HM02_Fezf2_Ai148_C13M1_female_processed,mouse,NCBI:txid10090,FezF2; Ai148,Distribution,STPT,,CSHL,"Z. Josh Huang, Partha P. Mitra",1-U19-MH114821-01,U19 Huang,BIL,,,,https://brainviewer.org:3010/HUA_U19_210303